{
	"scene": {
		"version": 1,
		"assets": {
			"renders": [
				{
					"name": "Scene",
					"index": 0,
					"meshes": 1,
					"skinned": false,
					"vertices": 24,
					"triangles": 12,
					"attributes": {
						"POSITION": 1,
						"NORMAL": 1,
						"TEXCOORD_0": 1
					},
					"meshCompression": ""
				},
				{
					"name": "Scene1",
					"index": 1,
					"meshes": 1,
					"skinned": false,
					"vertices": 40,
					"triangles": 28,
					"attributes": {
						"POSITION": 1,
						"NORMAL": 1,
						"TEXCOORD_0": 1
					},
					"meshCompression": ""
				},
				{
					"name": "Scene2",
					"index": 2,
					"meshes": 1,
					"skinned": false,
					"vertices": 24,
					"triangles": 12,
					"attributes": {
						"POSITION": 1,
						"NORMAL": 1,
						"TEXCOORD_0": 1
					},
					"meshCompression": ""
				},
				{
					"name": "Scene3",
					"index": 3,
					"meshes": 1,
					"skinned": false,
					"vertices": 24,
					"triangles": 12,
					"attributes": {
						"POSITION": 1,
						"NORMAL": 1,
						"TEXCOORD_0": 1
					},
					"meshCompression": ""
				},
				{
					"name": "Scene4",
					"index": 4,
					"meshes": 1,
					"skinned": false,
					"vertices": 24,
					"triangles": 12,
					"attributes": {
						"POSITION": 1,
						"NORMAL": 1,
						"TEXCOORD_0": 1
					},
					"meshCompression": ""
				},
				{
					"name": "Scene5",
					"index": 5,
					"meshes": 1,
					"skinned": false,
					"vertices": 24,
					"triangles": 12,
					"attributes": {
						"POSITION": 1,
						"NORMAL": 1,
						"TEXCOORD_0": 1
					},
					"meshCompression": ""
				},
				{
					"name": "Scene6",
					"index": 6,
					"meshes": 1,
					"skinned": false,
					"vertices": 24,
					"triangles": 12,
					"attributes": {
						"POSITION": 1,
						"NORMAL": 1,
						"TEXCOORD_0": 1
					},
					"meshCompression": ""
				},
				{
					"name": "Scene7",
					"index": 7,
					"meshes": 1,
					"skinned": false,
					"vertices": 24,
					"triangles": 12,
					"attributes": {
						"POSITION": 1,
						"NORMAL": 1,
						"TEXCOORD_0": 1
					},
					"meshCompression": ""
				},
				{
					"name": "Scene8",
					"index": 8,
					"meshes": 1,
					"skinned": false,
					"vertices": 24,
					"triangles": 12,
					"attributes": {
						"POSITION": 1,
						"NORMAL": 1,
						"TEXCOORD_0": 1
					},
					"meshCompression": ""
				},
				{
					"name": "Scene9",
					"index": 9,
					"meshes": 1,
					"skinned": false,
					"vertices": 24,
					"triangles": 12,
					"attributes": {
						"POSITION": 1,
						"NORMAL": 1,
						"TEXCOORD_0": 1
					},
					"meshCompression": ""
				},
				{
					"name": "Scene10",
					"index": 10,
					"meshes": 1,
					"skinned": false,
					"vertices": 24,
					"triangles": 12,
					"attributes": {
						"POSITION": 1,
						"NORMAL": 1,
						"TEXCOORD_0": 1
					},
					"meshCompression": ""
				},
				{
					"name": "Scene11",
					"index": 11,
					"meshes": 1,
					"skinned": false,
					"vertices": 24,
					"triangles": 12,
					"attributes": {
						"POSITION": 1,
						"NORMAL": 1,
						"TEXCOORD_0": 1
					},
					"meshCompression": ""
				}
			],
			"materials": [
				"Texture_alpha",
				"Texture"
			]
		},
		"entities": {
			"0": {
				"name": "RootNode",
				"parent": -1,
				"position": [
					0,
					0,
					0
				],
				"rotation": [
					0,
					0,
					0
				],
				"scale": [
					0.01,
					0.01,
					0.01
				],
				"scaleCompensation": false,
				"children": [
					1
				]
			},
			"1": {
				"name": "ChunksStandard_Parkour",
				"parent": 0,
				"position": [
					0,
					0,
					0
				],
				"rotation": [
					0,
					-0,
					0
				],
				"scale": [
					1,
					1,
					1
				],
				"scaleCompensation": false,
				"children": [
					2
				]
			},
			"2": {
				"name": "BoneChest",
				"parent": 1,
				"position": [
					0,
					82.2,
					-54.2
				],
				"rotation": [
					37.323,
					0,
					0
				],
				"scale": [
					1,
					1,
					1
				],
				"scaleCompensation": false,
				"children": [
					3,
					6,
					9,
					12,
					15,
					18,
					19
				]
			},
			"3": {
				"name": "BoneHead",
				"parent": 2,
				"position": [
					0,
					110,
					0
				],
				"rotation": [
					-6.532,
					0,
					0
				],
				"scale": [
					1,
					1,
					1
				],
				"scaleCompensation": false,
				"children": [
					4,
					5
				]
			},
			"4": {
				"name": "Fhead",
				"parent": 3,
				"position": [
					0,
					-240,
					0
				],
				"rotation": [
					1.61649e-05,
					-0,
					0
				],
				"scale": [
					1,
					1,
					1
				],
				"scaleCompensation": false,
				"children": [

				],
				"components": {
					"render": {
						"id": 0,
						"materials": [
							"Texture_alpha"
						]
					}
				}
			},
			"5": {
				"name": "head",
				"parent": 3,
				"position": [
					0,
					-240,
					0
				],
				"rotation": [
					1.61649e-05,
					-0,
					0
				],
				"scale": [
					1,
					1,
					1
				],
				"scaleCompensation": false,
				"children": [

				],
				"components": {
					"render": {
						"id": 1,
						"materials": [
							"Texture"
						]
					}
				}
			},
			"6": {
				"name": "BoneLeftArm",
				"parent": 2,
				"position": [
					-40,
					90,
					0
				],
				"rotation": [
					-89.9517,
					4.98271,
					-4.07752
				],
				"scale": [
					1,
					1,
					1
				],
				"scaleCompensation": false,
				"children": [
					7,
					8
				]
			},
			"7": {
				"name": "Fleft_arm",
				"parent": 6,
				"position": [
					40,
					-220,
					0
				],
				"rotation": [
					1.61649e-05,
					-0,
					0
				],
				"scale": [
					1,
					1,
					1
				],
				"scaleCompensation": false,
				"children": [

				],
				"components": {
					"render": {
						"id": 2,
						"materials": [
							"Texture_alpha"
						]
					}
				}
			},
			"8": {
				"name": "left_arm",
				"parent": 6,
				"position": [
					40,
					-220,
					0
				],
				"rotation": [
					1.61649e-05,
					-0,
					0
				],
				"scale": [
					1,
					1,
					1
				],
				"scaleCompensation": false,
				"children": [

				],
				"components": {
					"render": {
						"id": 3,
						"materials": [
							"Texture"
						]
					}
				}
			},
			"9": {
				"name": "BoneRightArm",
				"parent": 2,
				"position": [
					40,
					90,
					0
				],
				"rotation": [
					-88.1039,
					1.04745,
					-176.402
				],
				"scale": [
					1,
					1,
					1
				],
				"scaleCompensation": false,
				"children": [
					10,
					11
				]
			},
			"10": {
				"name": "Fright_arm",
				"parent": 9,
				"position": [
					40,
					-220,
					0
				],
				"rotation": [
					-180,
					-7.01671e-15,
					180
				],
				"scale": [
					1,
					1,
					1
				],
				"scaleCompensation": false,
				"children": [

				],
				"components": {
					"render": {
						"id": 4,
						"materials": [
							"Texture_alpha"
						]
					}
				}
			},
			"11": {
				"name": "right_arm",
				"parent": 9,
				"position": [
					40,
					-220,
					0
				],
				"rotation": [
					-180,
					-7.01671e-15,
					180
				],
				"scale": [
					1,
					1,
					1
				],
				"scaleCompensation": false,
				"children": [

				],
				"components": {
					"render": {
						"id": 5,
						"materials": [
							"Texture"
						]
					}
				}
			},
			"12": {
				"name": "BoneRightLeg",
				"parent": 2,
				"position": [
					24.5,
					64.2,
					23.7
				],
				"rotation": [
					37.7074,
					-175.232,
					2.57925
				],
				"scale": [
					1,
					1,
					1
				],
				"scaleCompensation": false,
				"children": [
					13,
					14
				]
			},
			"13": {
				"name": "Fright_leg",
				"parent": 12,
				"position": [
					20,
					-120,
					0
				],
				"rotation": [
					-180,
					-7.01671e-15,
					180
				],
				"scale": [
					1,
					1,
					1
				],
				"scaleCompensation": false,
				"children": [

				],
				"components": {
					"render": {
						"id": 6,
						"materials": [
							"Texture_alpha"
						]
					}
				}
			},
			"14": {
				"name": "right_leg",
				"parent": 12,
				"position": [
					20,
					-120,
					0
				],
				"rotation": [
					-180,
					-7.01671e-15,
					180
				],
				"scale": [
					1,
					1,
					1
				],
				"scaleCompensation": false,
				"children": [

				],
				"components": {
					"render": {
						"id": 7,
						"materials": [
							"Texture"
						]
					}
				}
			},
			"15": {
				"name": "BoneLeftLeg",
				"parent": 2,
				"position": [
					-19.1,
					65.7,
					26.6
				],
				"rotation": [
					-37.641,
					-4.01185,
					-1.1752
				],
				"scale": [
					1,
					1,
					1
				],
				"scaleCompensation": false,
				"children": [
					16,
					17
				]
			},
			"16": {
				"name": "Fleft_leg",
				"parent": 15,
				"position": [
					20,
					-120,
					0
				],
				"rotation": [
					1.61649e-05,
					-0,
					0
				],
				"scale": [
					1,
					1,
					1
				],
				"scaleCompensation": false,
				"children": [

				],
				"components": {
					"render": {
						"id": 8,
						"materials": [
							"Texture_alpha"
						]
					}
				}
			},
			"17": {
				"name": "left_leg",
				"parent": 15,
				"position": [
					20,
					-120,
					0
				],
				"rotation": [
					1.61649e-05,
					-0,
					0
				],
				"scale": [
					1,
					1,
					1
				],
				"scaleCompensation": false,
				"children": [

				],
				"components": {
					"render": {
						"id": 9,
						"materials": [
							"Texture"
						]
					}
				}
			},
			"18": {
				"name": "chest",
				"parent": 2,
				"position": [
					0,
					-130,
					0
				],
				"rotation": [
					1.61649e-05,
					-0,
					0
				],
				"scale": [
					1,
					1,
					1
				],
				"scaleCompensation": false,
				"children": [

				],
				"components": {
					"render": {
						"id": 10,
						"materials": [
							"Texture"
						]
					}
				}
			},
			"19": {
				"name": "Fchest",
				"parent": 2,
				"position": [
					0,
					-130,
					0
				],
				"rotation": [
					1.61649e-05,
					-0,
					0
				],
				"scale": [
					1,
					1,
					1
				],
				"scaleCompensation": false,
				"children": [

				],
				"components": {
					"render": {
						"id": 11,
						"materials": [
							"Texture_alpha"
						]
					}
				}
			}
		}
	}
}