{
	"scene": {
		"version": 1,
		"assets": {
			"renders": [
				{
					"name": "left_leg",
					"index": 0,
					"meshes": 1,
					"skinned": false,
					"vertices": 24,
					"triangles": 12,
					"attributes": {
						"POSITION": 1,
						"NORMAL": 1,
						"TEXCOORD_0": 1,
						"TEXCOORD_1": 1
					},
					"meshCompression": ""
				},
				{
					"name": "right_leg",
					"index": 1,
					"meshes": 1,
					"skinned": false,
					"vertices": 24,
					"triangles": 12,
					"attributes": {
						"POSITION": 1,
						"NORMAL": 1,
						"TEXCOORD_0": 1,
						"TEXCOORD_1": 1
					},
					"meshCompression": ""
				},
				{
					"name": "right_arm",
					"index": 2,
					"meshes": 1,
					"skinned": false,
					"vertices": 24,
					"triangles": 12,
					"attributes": {
						"POSITION": 1,
						"NORMAL": 1,
						"TEXCOORD_0": 1,
						"TEXCOORD_1": 1
					},
					"meshCompression": ""
				},
				{
					"name": "left_arm",
					"index": 3,
					"meshes": 1,
					"skinned": false,
					"vertices": 24,
					"triangles": 12,
					"attributes": {
						"POSITION": 1,
						"NORMAL": 1,
						"TEXCOORD_0": 1,
						"TEXCOORD_1": 1
					},
					"meshCompression": ""
				},
				{
					"name": "head",
					"index": 4,
					"meshes": 1,
					"skinned": false,
					"vertices": 24,
					"triangles": 12,
					"attributes": {
						"POSITION": 1,
						"NORMAL": 1,
						"TEXCOORD_0": 1,
						"TEXCOORD_1": 1
					},
					"meshCompression": ""
				},
				{
					"name": "chest",
					"index": 5,
					"meshes": 1,
					"skinned": false,
					"vertices": 24,
					"triangles": 12,
					"attributes": {
						"POSITION": 1,
						"NORMAL": 1,
						"TEXCOORD_0": 1,
						"TEXCOORD_1": 1
					},
					"meshCompression": ""
				}
			],
			"materials": [
				"01 - Default"
			]
		},
		"entities": {
			"0": {
				"name": "RootNode",
				"parent": -1,
				"position": [
					0,
					0,
					0
				],
				"rotation": [
					0,
					0,
					0
				],
				"scale": [
					1,
					1,
					1
				],
				"scaleCompensation": false,
				"children": [
					1,
					2,
					3,
					4,
					5,
					6
				]
			},
			"1": {
				"name": "left_leg",
				"parent": 0,
				"position": [
					0,
					0,
					0
				],
				"rotation": [
					-90.0037,
					1.33402e-08,
					-3.62854e-06
				],
				"scale": [
					0.01,
					0.01,
					0.01
				],
				"scaleCompensation": false,
				"children": [

				],
				"components": {
					"render": {
						"id": 0,
						"materials": [
							"01 - Default"
						]
					}
				}
			},
			"2": {
				"name": "right_leg",
				"parent": 0,
				"position": [
					0,
					0,
					0
				],
				"rotation": [
					-90,
					-6.1342e-22,
					1.00179e-05
				],
				"scale": [
					0.01,
					0.01,
					0.01
				],
				"scaleCompensation": false,
				"children": [

				],
				"components": {
					"render": {
						"id": 1,
						"materials": [
							"01 - Default"
						]
					}
				}
			},
			"3": {
				"name": "right_arm",
				"parent": 0,
				"position": [
					0,
					0,
					0
				],
				"rotation": [
					-90,
					-6.1342e-22,
					1.00179e-05
				],
				"scale": [
					0.01,
					0.01,
					0.01
				],
				"scaleCompensation": false,
				"children": [

				],
				"components": {
					"render": {
						"id": 2,
						"materials": [
							"01 - Default"
						]
					}
				}
			},
			"4": {
				"name": "left_arm",
				"parent": 0,
				"position": [
					0,
					0,
					0
				],
				"rotation": [
					-90,
					-0,
					0
				],
				"scale": [
					0.01,
					0.01,
					0.01
				],
				"scaleCompensation": false,
				"children": [

				],
				"components": {
					"render": {
						"id": 3,
						"materials": [
							"01 - Default"
						]
					}
				}
			},
			"5": {
				"name": "head",
				"parent": 0,
				"position": [
					0,
					0,
					0
				],
				"rotation": [
					-90,
					2.77587e-23,
					-4.53333e-07
				],
				"scale": [
					0.01,
					0.01,
					0.01
				],
				"scaleCompensation": false,
				"children": [

				],
				"components": {
					"render": {
						"id": 4,
						"materials": [
							"01 - Default"
						]
					}
				}
			},
			"6": {
				"name": "chest",
				"parent": 0,
				"position": [
					0,
					0,
					0
				],
				"rotation": [
					-90,
					-4.26887e-07,
					-2.60612e-06
				],
				"scale": [
					0.01,
					0.01,
					0.01
				],
				"scaleCompensation": false,
				"children": [

				],
				"components": {
					"render": {
						"id": 5,
						"materials": [
							"01 - Default"
						]
					}
				}
			}
		}
	}
}