{
	"scene": {
		"version": 1,
		"assets": {
			"renders": [

			],
			"materials": [

			]
		},
		"entities": {
			"0": {
				"name": "RootNode",
				"parent": -1,
				"position": [
					0,
					0,
					0
				],
				"rotation": [
					0,
					0,
					0
				],
				"scale": [
					0.01,
					0.01,
					0.01
				],
				"scaleCompensation": false,
				"children": [
					1
				]
			},
			"1": {
				"name": "Armature",
				"parent": 0,
				"position": [
					0,
					0,
					0
				],
				"rotation": [
					-90,
					0,
					0
				],
				"scale": [
					100,
					100,
					100
				],
				"scaleCompensation": false,
				"children": [
					2
				]
			},
			"2": {
				"name": "Hips",
				"parent": 1,
				"position": [
					0,
					6.25179e-17,
					1.02099
				],
				"rotation": [
					91.8599,
					0.0001,
					-0.003
				],
				"scale": [
					1,
					1,
					1
				],
				"scaleCompensation": false,
				"children": [
					3,
					72,
					78
				]
			},
			"3": {
				"name": "Spine",
				"parent": 2,
				"position": [
					0,
					0.0985,
					0
				],
				"rotation": [
					-7.8779,
					0.003,
					0
				],
				"scale": [
					1,
					1,
					1
				],
				"scaleCompensation": false,
				"children": [
					4
				]
			},
			"4": {
				"name": "Spine1",
				"parent": 3,
				"position": [
					0,
					0.1305,
					0
				],
				"rotation": [
					-3.6875,
					0,
					0
				],
				"scale": [
					1,
					1,
					1
				],
				"scaleCompensation": false,
				"children": [
					5
				]
			},
			"5": {
				"name": "Spine2",
				"parent": 4,
				"position": [
					0,
					0.1218,
					0
				],
				"rotation": [
					5.4109,
					-0,
					0
				],
				"scale": [
					1,
					1,
					1
				],
				"scaleCompensation": false,
				"children": [
					6,
					14,
					43
				]
			},
			"6": {
				"name": "Neck",
				"parent": 5,
				"position": [
					0,
					0.1556,
					0
				],
				"rotation": [
					23.4329,
					0,
					0
				],
				"scale": [
					1,
					1,
					1
				],
				"scaleCompensation": false,
				"children": [
					7
				]
			},
			"7": {
				"name": "Head",
				"parent": 6,
				"position": [
					0,
					0.1226,
					0
				],
				"rotation": [
					-18.7245,
					-0,
					-0
				],
				"scale": [
					1,
					1,
					1
				],
				"scaleCompensation": false,
				"children": [
					8,
					10,
					12
				]
			},
			"8": {
				"name": "HeadTop_End",
				"parent": 7,
				"position": [
					0,
					0.2263,
					0.0373
				],
				"rotation": [
					-0.4139,
					0,
					0
				],
				"scale": [
					1,
					1,
					1
				],
				"scaleCompensation": false,
				"children": [
					9
				]
			},
			"9": {
				"name": "HeadTop_End_end",
				"parent": 8,
				"position": [
					0,
					0.1241,
					0
				],
				"rotation": [
					0,
					0,
					0
				],
				"scale": [
					1,
					1,
					1
				],
				"scaleCompensation": false,
				"children": [

				]
			},
			"10": {
				"name": "LeftEye",
				"parent": 7,
				"position": [
					0.0304,
					0.0878,
					0.0824
				],
				"rotation": [
					-0.4138,
					0,
					0
				],
				"scale": [
					1,
					1,
					1
				],
				"scaleCompensation": false,
				"children": [
					11
				]
			},
			"11": {
				"name": "LeftEye_end",
				"parent": 10,
				"position": [
					0,
					0.1241,
					0
				],
				"rotation": [
					0,
					0,
					0
				],
				"scale": [
					1,
					1,
					1
				],
				"scaleCompensation": false,
				"children": [

				]
			},
			"12": {
				"name": "RightEye",
				"parent": 7,
				"position": [
					-0.0299,
					0.0878,
					0.0824
				],
				"rotation": [
					-0.4138,
					0,
					0
				],
				"scale": [
					1,
					1,
					1
				],
				"scaleCompensation": false,
				"children": [
					13
				]
			},
			"13": {
				"name": "RightEye_end",
				"parent": 12,
				"position": [
					0,
					0.1241,
					0
				],
				"rotation": [
					0,
					0,
					0
				],
				"scale": [
					1,
					1,
					1
				],
				"scaleCompensation": false,
				"children": [

				]
			},
			"14": {
				"name": "LeftShoulder",
				"parent": 5,
				"position": [
					0.0471,
					0.1411,
					-0.0063
				],
				"rotation": [
					27.8265,
					89.2371,
					-53.1172
				],
				"scale": [
					1,
					1,
					1
				],
				"scaleCompensation": false,
				"children": [
					15
				]
			},
			"15": {
				"name": "LeftArm",
				"parent": 14,
				"position": [
					0,
					0.1189,
					0
				],
				"rotation": [
					9.06768,
					3.1777,
					0.0432292
				],
				"scale": [
					1,
					1,
					1
				],
				"scaleCompensation": false,
				"children": [
					16
				]
			},
			"16": {
				"name": "LeftForeArm",
				"parent": 15,
				"position": [
					0,
					0.2851,
					0
				],
				"rotation": [
					1.43289e-14,
					2.73969,
					1.6916e-14
				],
				"scale": [
					1,
					1,
					1
				],
				"scaleCompensation": false,
				"children": [
					17
				]
			},
			"17": {
				"name": "LeftHand",
				"parent": 16,
				"position": [
					0,
					0.252,
					0
				],
				"rotation": [
					0.857534,
					12.2647,
					-5.36561
				],
				"scale": [
					1,
					1,
					1
				],
				"scaleCompensation": false,
				"children": [
					18,
					23,
					28,
					33,
					38
				]
			},
			"18": {
				"name": "LeftHandThumb1",
				"parent": 17,
				"position": [
					-0.0324,
					0.0264,
					0.0052
				],
				"rotation": [
					17.9671,
					-5.68377,
					37.7573
				],
				"scale": [
					1,
					1,
					1
				],
				"scaleCompensation": false,
				"children": [
					19
				]
			},
			"19": {
				"name": "LeftHandThumb2",
				"parent": 18,
				"position": [
					0,
					0.0414,
					0
				],
				"rotation": [
					-1.49664e-13,
					-8.81675,
					-3.66114e-14
				],
				"scale": [
					1,
					1,
					1
				],
				"scaleCompensation": false,
				"children": [
					20
				]
			},
			"20": {
				"name": "LeftHandThumb3",
				"parent": 19,
				"position": [
					0,
					0.0305,
					0
				],
				"rotation": [
					7.36416e-14,
					-2.85279,
					-1.35963e-14
				],
				"scale": [
					1,
					1,
					1
				],
				"scaleCompensation": false,
				"children": [
					21
				]
			},
			"21": {
				"name": "LeftHandThumb4",
				"parent": 20,
				"position": [
					0,
					0.0353,
					0
				],
				"rotation": [
					1.4512,
					6.0155,
					-0.719
				],
				"scale": [
					1,
					1,
					1
				],
				"scaleCompensation": false,
				"children": [
					22
				]
			},
			"22": {
				"name": "LeftHandThumb4_end",
				"parent": 21,
				"position": [
					0,
					0.0353,
					0
				],
				"rotation": [
					0,
					0,
					0
				],
				"scale": [
					1,
					1,
					1
				],
				"scaleCompensation": false,
				"children": [

				]
			},
			"23": {
				"name": "LeftHandIndex1",
				"parent": 17,
				"position": [
					-0.0353,
					0.0975,
					-0.007
				],
				"rotation": [
					-2.00489,
					-6.45765,
					5.47156
				],
				"scale": [
					1,
					1,
					1
				],
				"scaleCompensation": false,
				"children": [
					24
				]
			},
			"24": {
				"name": "LeftHandIndex2",
				"parent": 23,
				"position": [
					0,
					0.0447,
					0
				],
				"rotation": [
					-2.60823e-13,
					-0.667775,
					-2.33836e-14
				],
				"scale": [
					1,
					1,
					1
				],
				"scaleCompensation": false,
				"children": [
					25
				]
			},
			"25": {
				"name": "LeftHandIndex3",
				"parent": 24,
				"position": [
					0,
					0.0283,
					0
				],
				"rotation": [
					7.56203e-14,
					-8.73594,
					-1.54861e-14
				],
				"scale": [
					1,
					1,
					1
				],
				"scaleCompensation": false,
				"children": [
					26
				]
			},
			"26": {
				"name": "LeftHandIndex4",
				"parent": 25,
				"position": [
					0,
					0.0338,
					0
				],
				"rotation": [
					5.1119,
					6.5362,
					-0.5274
				],
				"scale": [
					1,
					1,
					1
				],
				"scaleCompensation": false,
				"children": [
					27
				]
			},
			"27": {
				"name": "LeftHandIndex4_end",
				"parent": 26,
				"position": [
					0,
					0.0338,
					0
				],
				"rotation": [
					0,
					0,
					0
				],
				"scale": [
					1,
					1,
					1
				],
				"scaleCompensation": false,
				"children": [

				]
			},
			"28": {
				"name": "LeftHandMiddle1",
				"parent": 17,
				"position": [
					-0.0092,
					0.1002,
					-0.0035
				],
				"rotation": [
					-2.01114,
					-7.87466,
					5.52163
				],
				"scale": [
					1,
					1,
					1
				],
				"scaleCompensation": false,
				"children": [
					29
				]
			},
			"29": {
				"name": "LeftHandMiddle2",
				"parent": 28,
				"position": [
					0,
					0.0457,
					0
				],
				"rotation": [
					5.40798e-14,
					-1.12288,
					6.71027e-15
				],
				"scale": [
					1,
					1,
					1
				],
				"scaleCompensation": false,
				"children": [
					30
				]
			},
			"30": {
				"name": "LeftHandMiddle3",
				"parent": 29,
				"position": [
					0,
					0.0354,
					0
				],
				"rotation": [
					-1.17806e-13,
					-2.64707,
					-1.31338e-14
				],
				"scale": [
					1,
					1,
					1
				],
				"scaleCompensation": false,
				"children": [
					31
				]
			},
			"31": {
				"name": "LeftHandMiddle4",
				"parent": 30,
				"position": [
					0,
					0.0346,
					0
				],
				"rotation": [
					2.7269,
					2.5776,
					-0.1275
				],
				"scale": [
					1,
					1,
					1
				],
				"scaleCompensation": false,
				"children": [
					32
				]
			},
			"32": {
				"name": "LeftHandMiddle4_end",
				"parent": 31,
				"position": [
					0,
					0.0346,
					0
				],
				"rotation": [
					0,
					0,
					0
				],
				"scale": [
					1,
					1,
					1
				],
				"scaleCompensation": false,
				"children": [

				]
			},
			"33": {
				"name": "LeftHandRing1",
				"parent": 17,
				"position": [
					0.0154,
					0.0956,
					0.0022
				],
				"rotation": [
					-2.00495,
					-6.4722,
					5.47207
				],
				"scale": [
					1,
					1,
					1
				],
				"scaleCompensation": false,
				"children": [
					34
				]
			},
			"34": {
				"name": "LeftHandRing2",
				"parent": 33,
				"position": [
					0,
					0.0419,
					0
				],
				"rotation": [
					-8.27395e-14,
					-1.8911,
					1.01435e-14
				],
				"scale": [
					1,
					1,
					1
				],
				"scaleCompensation": false,
				"children": [
					35
				]
			},
			"35": {
				"name": "LeftHandRing3",
				"parent": 34,
				"position": [
					0,
					0.0362,
					0
				],
				"rotation": [
					2.31401e-13,
					-0.663829,
					1.3481e-14
				],
				"scale": [
					1,
					1,
					1
				],
				"scaleCompensation": false,
				"children": [
					36
				]
			},
			"36": {
				"name": "LeftHandRing4",
				"parent": 35,
				"position": [
					0,
					0.0298,
					0
				],
				"rotation": [
					0.7445,
					-0.8071,
					2.5294
				],
				"scale": [
					1,
					1,
					1
				],
				"scaleCompensation": false,
				"children": [
					37
				]
			},
			"37": {
				"name": "LeftHandRing4_end",
				"parent": 36,
				"position": [
					0,
					0.0298,
					0
				],
				"rotation": [
					0,
					0,
					0
				],
				"scale": [
					1,
					1,
					1
				],
				"scaleCompensation": false,
				"children": [

				]
			},
			"38": {
				"name": "LeftHandPinky1",
				"parent": 17,
				"position": [
					0.0391,
					0.0898,
					0.0105
				],
				"rotation": [
					-2.01419,
					-8.48015,
					5.54313
				],
				"scale": [
					1,
					1,
					1
				],
				"scaleCompensation": false,
				"children": [
					39
				]
			},
			"39": {
				"name": "LeftHandPinky2",
				"parent": 38,
				"position": [
					0,
					0.0282,
					0
				],
				"rotation": [
					6.12017e-13,
					-24.571,
					-2.10709e-13
				],
				"scale": [
					1,
					1,
					1
				],
				"scaleCompensation": false,
				"children": [
					40
				]
			},
			"40": {
				"name": "LeftHandPinky3",
				"parent": 39,
				"position": [
					0,
					0.0224,
					0
				],
				"rotation": [
					3.49962e-14,
					-1.37805,
					3.14171e-14
				],
				"scale": [
					1,
					1,
					1
				],
				"scaleCompensation": false,
				"children": [
					41
				]
			},
			"41": {
				"name": "LeftHandPinky4",
				"parent": 40,
				"position": [
					0,
					0.0263,
					0
				],
				"rotation": [
					15.911,
					12.0819,
					0.2541
				],
				"scale": [
					1,
					1,
					1
				],
				"scaleCompensation": false,
				"children": [
					42
				]
			},
			"42": {
				"name": "LeftHandPinky4_end",
				"parent": 41,
				"position": [
					0,
					0.0263,
					0
				],
				"rotation": [
					0,
					0,
					0
				],
				"scale": [
					1,
					1,
					1
				],
				"scaleCompensation": false,
				"children": [

				]
			},
			"43": {
				"name": "RightShoulder",
				"parent": 5,
				"position": [
					-0.0471,
					0.1411,
					-0.0063
				],
				"rotation": [
					27.8106,
					-89.237,
					53.133
				],
				"scale": [
					1,
					1,
					1
				],
				"scaleCompensation": false,
				"children": [
					44
				]
			},
			"44": {
				"name": "RightArm",
				"parent": 43,
				"position": [
					0,
					0.1189,
					0
				],
				"rotation": [
					9.06769,
					-3.17779,
					-0.043355
				],
				"scale": [
					1,
					1,
					1
				],
				"scaleCompensation": false,
				"children": [
					45
				]
			},
			"45": {
				"name": "RightForeArm",
				"parent": 44,
				"position": [
					0,
					0.2851,
					0
				],
				"rotation": [
					1.83091e-14,
					-2.73951,
					-6.76641e-15
				],
				"scale": [
					1,
					1,
					1
				],
				"scaleCompensation": false,
				"children": [
					46
				]
			},
			"46": {
				"name": "RightHand",
				"parent": 45,
				"position": [
					0,
					0.252,
					0
				],
				"rotation": [
					0.857508,
					-12.265,
					5.36562
				],
				"scale": [
					1,
					1,
					1
				],
				"scaleCompensation": false,
				"children": [
					47,
					52,
					57,
					62,
					67
				]
			},
			"47": {
				"name": "RightHandThumb1",
				"parent": 46,
				"position": [
					0.0324,
					0.0264,
					0.0052
				],
				"rotation": [
					17.9671,
					5.68311,
					-37.7575
				],
				"scale": [
					1,
					1,
					1
				],
				"scaleCompensation": false,
				"children": [
					48
				]
			},
			"48": {
				"name": "RightHandThumb2",
				"parent": 47,
				"position": [
					0,
					0.0414,
					0
				],
				"rotation": [
					-8.69015e-14,
					8.8152,
					3.8824e-14
				],
				"scale": [
					1,
					1,
					1
				],
				"scaleCompensation": false,
				"children": [
					49
				]
			},
			"49": {
				"name": "RightHandThumb3",
				"parent": 48,
				"position": [
					0,
					0.0305,
					0
				],
				"rotation": [
					1.60619e-13,
					2.85449,
					8.21005e-15
				],
				"scale": [
					1,
					1,
					1
				],
				"scaleCompensation": false,
				"children": [
					50
				]
			},
			"50": {
				"name": "RightHandThumb4",
				"parent": 49,
				"position": [
					0,
					0.0353,
					0
				],
				"rotation": [
					1.4518,
					-6.0145,
					0.7186
				],
				"scale": [
					1,
					1,
					1
				],
				"scaleCompensation": false,
				"children": [
					51
				]
			},
			"51": {
				"name": "RightHandThumb4_end",
				"parent": 50,
				"position": [
					0,
					0.0353,
					0
				],
				"rotation": [
					0,
					0,
					0
				],
				"scale": [
					1,
					1,
					1
				],
				"scaleCompensation": false,
				"children": [

				]
			},
			"52": {
				"name": "RightHandIndex1",
				"parent": 46,
				"position": [
					0.0353,
					0.0975,
					-0.007
				],
				"rotation": [
					-2.00489,
					6.45715,
					-5.47154
				],
				"scale": [
					1,
					1,
					1
				],
				"scaleCompensation": false,
				"children": [
					53
				]
			},
			"53": {
				"name": "RightHandIndex2",
				"parent": 52,
				"position": [
					0,
					0.0447,
					0
				],
				"rotation": [
					-3.32391e-13,
					0.667951,
					3.0441e-14
				],
				"scale": [
					1,
					1,
					1
				],
				"scaleCompensation": false,
				"children": [
					54
				]
			},
			"54": {
				"name": "RightHandIndex3",
				"parent": 53,
				"position": [
					0,
					0.0283,
					0
				],
				"rotation": [
					1.76983e-13,
					8.7349,
					4.6257e-15
				],
				"scale": [
					1,
					1,
					1
				],
				"scaleCompensation": false,
				"children": [
					55
				]
			},
			"55": {
				"name": "RightHandIndex4",
				"parent": 54,
				"position": [
					0,
					0.0338,
					0
				],
				"rotation": [
					5.1131,
					-6.535,
					0.5279
				],
				"scale": [
					1,
					1,
					1
				],
				"scaleCompensation": false,
				"children": [
					56
				]
			},
			"56": {
				"name": "RightHandIndex4_end",
				"parent": 55,
				"position": [
					0,
					0.0338,
					0
				],
				"rotation": [
					0,
					0,
					0
				],
				"scale": [
					1,
					1,
					1
				],
				"scaleCompensation": false,
				"children": [

				]
			},
			"57": {
				"name": "RightHandMiddle1",
				"parent": 46,
				"position": [
					0.0092,
					0.1002,
					-0.0035
				],
				"rotation": [
					-2.01113,
					7.87434,
					-5.52162
				],
				"scale": [
					1,
					1,
					1
				],
				"scaleCompensation": false,
				"children": [
					58
				]
			},
			"58": {
				"name": "RightHandMiddle2",
				"parent": 57,
				"position": [
					0,
					0.0457,
					0
				],
				"rotation": [
					5.7261e-14,
					1.1226,
					-3.77763e-15
				],
				"scale": [
					1,
					1,
					1
				],
				"scaleCompensation": false,
				"children": [
					59
				]
			},
			"59": {
				"name": "RightHandMiddle3",
				"parent": 58,
				"position": [
					0,
					0.0354,
					0
				],
				"rotation": [
					-3.02476e-13,
					2.64743,
					2.50736e-14
				],
				"scale": [
					1,
					1,
					1
				],
				"scaleCompensation": false,
				"children": [
					60
				]
			},
			"60": {
				"name": "RightHandMiddle4",
				"parent": 59,
				"position": [
					0,
					0.0346,
					0
				],
				"rotation": [
					2.7259,
					-2.5786,
					0.1269
				],
				"scale": [
					1,
					1,
					1
				],
				"scaleCompensation": false,
				"children": [
					61
				]
			},
			"61": {
				"name": "RightHandMiddle4_end",
				"parent": 60,
				"position": [
					0,
					0.0346,
					0
				],
				"rotation": [
					0,
					0,
					0
				],
				"scale": [
					1,
					1,
					1
				],
				"scaleCompensation": false,
				"children": [

				]
			},
			"62": {
				"name": "RightHandRing1",
				"parent": 46,
				"position": [
					-0.0154,
					0.0956,
					0.0022
				],
				"rotation": [
					-2.00494,
					6.47164,
					-5.47205
				],
				"scale": [
					1,
					1,
					1
				],
				"scaleCompensation": false,
				"children": [
					63
				]
			},
			"63": {
				"name": "RightHandRing2",
				"parent": 62,
				"position": [
					0,
					0.0419,
					0
				],
				"rotation": [
					-1.14562e-13,
					1.89071,
					-2.98339e-15
				],
				"scale": [
					1,
					1,
					1
				],
				"scaleCompensation": false,
				"children": [
					64
				]
			},
			"64": {
				"name": "RightHandRing3",
				"parent": 63,
				"position": [
					0,
					0.0362,
					0
				],
				"rotation": [
					-9.22423e-14,
					0.664624,
					1.08904e-14
				],
				"scale": [
					1,
					1,
					1
				],
				"scaleCompensation": false,
				"children": [
					65
				]
			},
			"65": {
				"name": "RightHandRing4",
				"parent": 64,
				"position": [
					0,
					0.0298,
					0
				],
				"rotation": [
					0.7453,
					0.8081,
					-2.5293
				],
				"scale": [
					1,
					1,
					1
				],
				"scaleCompensation": false,
				"children": [
					66
				]
			},
			"66": {
				"name": "RightHandRing4_end",
				"parent": 65,
				"position": [
					0,
					0.0298,
					0
				],
				"rotation": [
					0,
					0,
					0
				],
				"scale": [
					1,
					1,
					1
				],
				"scaleCompensation": false,
				"children": [

				]
			},
			"67": {
				"name": "RightHandPinky1",
				"parent": 46,
				"position": [
					-0.0391,
					0.0898,
					0.0105
				],
				"rotation": [
					-2.01419,
					8.47974,
					-5.54311
				],
				"scale": [
					1,
					1,
					1
				],
				"scaleCompensation": false,
				"children": [
					68
				]
			},
			"68": {
				"name": "RightHandPinky2",
				"parent": 67,
				"position": [
					0,
					0.0282,
					0
				],
				"rotation": [
					9.96713e-14,
					24.571,
					1.31147e-13
				],
				"scale": [
					1,
					1,
					1
				],
				"scaleCompensation": false,
				"children": [
					69
				]
			},
			"69": {
				"name": "RightHandPinky3",
				"parent": 68,
				"position": [
					0,
					0.0224,
					0
				],
				"rotation": [
					1.90888e-14,
					1.37792,
					-2.44576e-14
				],
				"scale": [
					1,
					1,
					1
				],
				"scaleCompensation": false,
				"children": [
					70
				]
			},
			"70": {
				"name": "RightHandPinky4",
				"parent": 69,
				"position": [
					0,
					0.0263,
					0
				],
				"rotation": [
					15.9105,
					-12.0824,
					-0.2541
				],
				"scale": [
					1,
					1,
					1
				],
				"scaleCompensation": false,
				"children": [
					71
				]
			},
			"71": {
				"name": "RightHandPinky4_end",
				"parent": 70,
				"position": [
					0,
					0.0263,
					0
				],
				"rotation": [
					0,
					0,
					0
				],
				"scale": [
					1,
					1,
					1
				],
				"scaleCompensation": false,
				"children": [

				]
			},
			"72": {
				"name": "LeftUpLeg",
				"parent": 2,
				"position": [
					0.0953,
					0.0052,
					-0.0033
				],
				"rotation": [
					1.11072,
					0.244056,
					-179.84
				],
				"scale": [
					1,
					1,
					1
				],
				"scaleCompensation": false,
				"children": [
					73
				]
			},
			"73": {
				"name": "LeftLeg",
				"parent": 72,
				"position": [
					0,
					0.4582,
					0
				],
				"rotation": [
					-4.7746,
					-0.0492,
					-0.3319
				],
				"scale": [
					1,
					1,
					1
				],
				"scaleCompensation": false,
				"children": [
					74
				]
			},
			"74": {
				"name": "LeftFoot",
				"parent": 73,
				"position": [
					0,
					0.4439,
					0
				],
				"rotation": [
					60.9815,
					1.20782,
					4.72496
				],
				"scale": [
					1,
					1,
					1
				],
				"scaleCompensation": false,
				"children": [
					75
				]
			},
			"75": {
				"name": "LeftToeBase",
				"parent": 74,
				"position": [
					0,
					0.1488,
					0
				],
				"rotation": [
					31.1207,
					-5.4022,
					0.7032
				],
				"scale": [
					1,
					1,
					1
				],
				"scaleCompensation": false,
				"children": [
					76
				]
			},
			"76": {
				"name": "LeftToe_End",
				"parent": 75,
				"position": [
					0,
					0.0991,
					0
				],
				"rotation": [
					54.8386,
					87.5767,
					55.7109
				],
				"scale": [
					1,
					1,
					1
				],
				"scaleCompensation": false,
				"children": [
					77
				]
			},
			"77": {
				"name": "LeftToe_End_end",
				"parent": 76,
				"position": [
					0,
					0.0991,
					0
				],
				"rotation": [
					0,
					0,
					0
				],
				"scale": [
					1,
					1,
					1
				],
				"scaleCompensation": false,
				"children": [

				]
			},
			"78": {
				"name": "RightUpLeg",
				"parent": 2,
				"position": [
					-0.0953,
					0.0052,
					-0.0033
				],
				"rotation": [
					1.11074,
					-0.250269,
					179.84
				],
				"scale": [
					1,
					1,
					1
				],
				"scaleCompensation": false,
				"children": [
					79
				]
			},
			"79": {
				"name": "RightLeg",
				"parent": 78,
				"position": [
					0,
					0.4582,
					0
				],
				"rotation": [
					-4.7746,
					0.0493,
					0.3319
				],
				"scale": [
					1,
					1,
					1
				],
				"scaleCompensation": false,
				"children": [
					80
				]
			},
			"80": {
				"name": "RightFoot",
				"parent": 79,
				"position": [
					0,
					0.4439,
					0
				],
				"rotation": [
					60.9814,
					-1.20782,
					-4.72456
				],
				"scale": [
					1,
					1,
					1
				],
				"scaleCompensation": false,
				"children": [
					81
				]
			},
			"81": {
				"name": "RightToeBase",
				"parent": 80,
				"position": [
					0,
					0.1488,
					0
				],
				"rotation": [
					31.1208,
					5.4018,
					-0.7044
				],
				"scale": [
					1,
					1,
					1
				],
				"scaleCompensation": false,
				"children": [
					82
				]
			},
			"82": {
				"name": "RightToe_End",
				"parent": 81,
				"position": [
					0,
					0.0991,
					0
				],
				"rotation": [
					54.9022,
					-87.5786,
					-55.7746
				],
				"scale": [
					1,
					1,
					1
				],
				"scaleCompensation": false,
				"children": [
					83
				]
			},
			"83": {
				"name": "RightToe_End_end",
				"parent": 82,
				"position": [
					0,
					0.0991,
					0
				],
				"rotation": [
					0,
					0,
					0
				],
				"scale": [
					1,
					1,
					1
				],
				"scaleCompensation": false,
				"children": [

				]
			}
		}
	}
}