{
	"scene": {
		"version": 1,
		"assets": {
			"renders": [

			],
			"materials": [

			]
		},
		"entities": {
			"0": {
				"name": "RootNode",
				"parent": -1,
				"position": [
					0,
					0,
					0
				],
				"rotation": [
					0,
					0,
					0
				],
				"scale": [
					0.01,
					0.01,
					0.01
				],
				"scaleCompensation": false,
				"children": [
					1
				]
			},
			"1": {
				"name": "mixamorig:Hips",
				"parent": 0,
				"position": [
					0,
					104.808,
					0
				],
				"rotation": [
					0,
					0,
					0
				],
				"scale": [
					1,
					1,
					1
				],
				"scaleCompensation": false,
				"children": [
					2,
					56,
					61
				]
			},
			"2": {
				"name": "mixamorig:Spine",
				"parent": 1,
				"position": [
					0,
					9.8659,
					-0.9219
				],
				"rotation": [
					3.3797,
					3.21203,
					-0.108606
				],
				"scale": [
					1,
					1,
					1
				],
				"scaleCompensation": false,
				"children": [
					3
				]
			},
			"3": {
				"name": "mixamorig:Spine1",
				"parent": 2,
				"position": [
					0,
					11.5603,
					0
				],
				"rotation": [
					0,
					0,
					0
				],
				"scale": [
					1,
					1,
					1
				],
				"scaleCompensation": false,
				"children": [
					4
				]
			},
			"4": {
				"name": "mixamorig:Spine2",
				"parent": 3,
				"position": [
					0,
					13.2118,
					0
				],
				"rotation": [
					0,
					0,
					0
				],
				"scale": [
					1,
					1,
					1
				],
				"scaleCompensation": false,
				"children": [
					5,
					8,
					32
				]
			},
			"5": {
				"name": "mixamorig:Neck",
				"parent": 4,
				"position": [
					0,
					14.8633,
					0
				],
				"rotation": [
					4.62168,
					-0.356964,
					-0.117739
				],
				"scale": [
					1,
					1,
					1
				],
				"scaleCompensation": false,
				"children": [
					6
				]
			},
			"6": {
				"name": "mixamorig:Head",
				"parent": 5,
				"position": [
					0,
					9.9071,
					3.4141
				],
				"rotation": [
					0,
					0,
					0
				],
				"scale": [
					1,
					1,
					1
				],
				"scaleCompensation": false,
				"children": [
					7
				]
			},
			"7": {
				"name": "mixamorig:HeadTop_End",
				"parent": 6,
				"position": [
					0,
					21.7228,
					7.4858
				],
				"rotation": [
					0,
					0,
					0
				],
				"scale": [
					1,
					1,
					1
				],
				"scaleCompensation": false,
				"children": [

				]
			},
			"8": {
				"name": "mixamorig:LeftShoulder",
				"parent": 4,
				"position": [
					5.1378,
					12.3518,
					-0.1856
				],
				"rotation": [
					92.0175,
					96.8486,
					-20.9828
				],
				"scale": [
					1,
					1,
					1
				],
				"scaleCompensation": false,
				"children": [
					9
				]
			},
			"9": {
				"name": "mixamorig:LeftArm",
				"parent": 8,
				"position": [
					0,
					11.3381,
					0
				],
				"rotation": [
					53.3679,
					29.5273,
					25.7117
				],
				"scale": [
					1,
					1,
					1
				],
				"scaleCompensation": false,
				"children": [
					10
				]
			},
			"10": {
				"name": "mixamorig:LeftForeArm",
				"parent": 9,
				"position": [
					0,
					26.4663,
					0
				],
				"rotation": [
					-5.08648,
					-10.9784,
					40.9233
				],
				"scale": [
					1,
					1,
					1
				],
				"scaleCompensation": false,
				"children": [
					11
				]
			},
			"11": {
				"name": "mixamorig:LeftHand",
				"parent": 10,
				"position": [
					0,
					23.6091,
					0
				],
				"rotation": [
					11.1001,
					-0.401273,
					8.30752
				],
				"scale": [
					1,
					1,
					1
				],
				"scaleCompensation": false,
				"children": [
					12,
					16,
					20,
					24,
					28
				]
			},
			"12": {
				"name": "mixamorig:LeftHandThumb1",
				"parent": 11,
				"position": [
					-2.8781,
					3.3672,
					1.1425
				],
				"rotation": [
					17.3108,
					3.25872,
					22.1891
				],
				"scale": [
					1,
					1,
					1
				],
				"scaleCompensation": false,
				"children": [
					13
				]
			},
			"13": {
				"name": "mixamorig:LeftHandThumb2",
				"parent": 12,
				"position": [
					-0.7727,
					3.5772,
					0
				],
				"rotation": [
					0.0814196,
					-3.07256,
					-6.81296
				],
				"scale": [
					1,
					1,
					1
				],
				"scaleCompensation": false,
				"children": [
					14
				]
			},
			"14": {
				"name": "mixamorig:LeftHandThumb3",
				"parent": 13,
				"position": [
					0.2661,
					3.7994,
					0
				],
				"rotation": [
					-16.7269,
					3.07767,
					-5.4027
				],
				"scale": [
					1,
					1,
					1
				],
				"scaleCompensation": false,
				"children": [
					15
				]
			},
			"15": {
				"name": "mixamorig:LeftHandThumb4",
				"parent": 14,
				"position": [
					0.5066,
					3.3589,
					0
				],
				"rotation": [
					0,
					0,
					0
				],
				"scale": [
					1,
					1,
					1
				],
				"scaleCompensation": false,
				"children": [

				]
			},
			"16": {
				"name": "mixamorig:LeftHandIndex1",
				"parent": 11,
				"position": [
					-3.7263,
					11.1455,
					0.0225
				],
				"rotation": [
					14.3293,
					0.0917927,
					3.1907
				],
				"scale": [
					1,
					1,
					1
				],
				"scaleCompensation": false,
				"children": [
					17
				]
			},
			"17": {
				"name": "mixamorig:LeftHandIndex2",
				"parent": 16,
				"position": [
					0.0693,
					3.8066,
					0
				],
				"rotation": [
					60.5843,
					3.72748,
					-6.70275
				],
				"scale": [
					1,
					1,
					1
				],
				"scaleCompensation": false,
				"children": [
					18
				]
			},
			"18": {
				"name": "mixamorig:LeftHandIndex3",
				"parent": 17,
				"position": [
					-0.0372,
					3.5612,
					0
				],
				"rotation": [
					33.0262,
					1.31962,
					-3.25413
				],
				"scale": [
					1,
					1,
					1
				],
				"scaleCompensation": false,
				"children": [
					19
				]
			},
			"19": {
				"name": "mixamorig:LeftHandIndex4",
				"parent": 18,
				"position": [
					-0.0321,
					3.091,
					0
				],
				"rotation": [
					0,
					0,
					0
				],
				"scale": [
					1,
					1,
					1
				],
				"scaleCompensation": false,
				"children": [

				]
			},
			"20": {
				"name": "mixamorig:LeftHandMiddle1",
				"parent": 11,
				"position": [
					-1.1898,
					11.0828,
					-0.0794
				],
				"rotation": [
					24.554,
					0.310746,
					1.9026
				],
				"scale": [
					1,
					1,
					1
				],
				"scaleCompensation": false,
				"children": [
					21
				]
			},
			"21": {
				"name": "mixamorig:LeftHandMiddle2",
				"parent": 20,
				"position": [
					0.0612,
					4.0375,
					0
				],
				"rotation": [
					79.2609,
					5.66286,
					-7.083
				],
				"scale": [
					1,
					1,
					1
				],
				"scaleCompensation": false,
				"children": [
					22
				]
			},
			"22": {
				"name": "mixamorig:LeftHandMiddle3",
				"parent": 21,
				"position": [
					-0.0362,
					3.7972,
					0
				],
				"rotation": [
					40.4241,
					1.78941,
					-3.82162
				],
				"scale": [
					1,
					1,
					1
				],
				"scaleCompensation": false,
				"children": [
					23
				]
			},
			"23": {
				"name": "mixamorig:LeftHandMiddle4",
				"parent": 22,
				"position": [
					-0.025,
					3.1505,
					0
				],
				"rotation": [
					0,
					0,
					0
				],
				"scale": [
					1,
					1,
					1
				],
				"scaleCompensation": false,
				"children": [

				]
			},
			"24": {
				"name": "mixamorig:LeftHandRing1",
				"parent": 11,
				"position": [
					1.3602,
					11.0784,
					-0.315
				],
				"rotation": [
					41.0393,
					0.960785,
					-0.731527
				],
				"scale": [
					1,
					1,
					1
				],
				"scaleCompensation": false,
				"children": [
					25
				]
			},
			"25": {
				"name": "mixamorig:LeftHandRing2",
				"parent": 24,
				"position": [
					0.0129,
					3.6244,
					0
				],
				"rotation": [
					94.1962,
					7.68028,
					-7.19738
				],
				"scale": [
					1,
					1,
					1
				],
				"scaleCompensation": false,
				"children": [
					26
				]
			},
			"26": {
				"name": "mixamorig:LeftHandRing3",
				"parent": 25,
				"position": [
					-0.0077,
					3.2492,
					0
				],
				"rotation": [
					48.3863,
					2.44058,
					-5.17822
				],
				"scale": [
					1,
					1,
					1
				],
				"scaleCompensation": false,
				"children": [
					27
				]
			},
			"27": {
				"name": "mixamorig:LeftHandRing4",
				"parent": 26,
				"position": [
					-0.0053,
					2.8099,
					0
				],
				"rotation": [
					0,
					0,
					0
				],
				"scale": [
					1,
					1,
					1
				],
				"scaleCompensation": false,
				"children": [

				]
			},
			"28": {
				"name": "mixamorig:LeftHandPinky1",
				"parent": 11,
				"position": [
					3.5559,
					10.1225,
					0.0654
				],
				"rotation": [
					29.8068,
					0.25821,
					0.0557753
				],
				"scale": [
					1,
					1,
					1
				],
				"scaleCompensation": false,
				"children": [
					29
				]
			},
			"29": {
				"name": "mixamorig:LeftHandPinky2",
				"parent": 28,
				"position": [
					-0.0065,
					2.7521,
					0
				],
				"rotation": [
					70.2836,
					4.66881,
					-6.58415
				],
				"scale": [
					1,
					1,
					1
				],
				"scaleCompensation": false,
				"children": [
					30
				]
			},
			"30": {
				"name": "mixamorig:LeftHandPinky3",
				"parent": 29,
				"position": [
					0.0033,
					2.4255,
					0
				],
				"rotation": [
					86.1844,
					6.59845,
					-7.21931
				],
				"scale": [
					1,
					1,
					1
				],
				"scaleCompensation": false,
				"children": [
					31
				]
			},
			"31": {
				"name": "mixamorig:LeftHandPinky4",
				"parent": 30,
				"position": [
					0.0032,
					1.9454,
					0
				],
				"rotation": [
					0,
					0,
					0
				],
				"scale": [
					1,
					1,
					1
				],
				"scaleCompensation": false,
				"children": [

				]
			},
			"32": {
				"name": "mixamorig:RightShoulder",
				"parent": 4,
				"position": [
					-5.1378,
					12.3609,
					-0.2829
				],
				"rotation": [
					-27.5429,
					-93.4717,
					138.78
				],
				"scale": [
					1,
					1,
					1
				],
				"scaleCompensation": false,
				"children": [
					33
				]
			},
			"33": {
				"name": "mixamorig:RightArm",
				"parent": 32,
				"position": [
					0,
					11.3381,
					0
				],
				"rotation": [
					42.3078,
					5.37471,
					-27.1454
				],
				"scale": [
					1,
					1,
					1
				],
				"scaleCompensation": false,
				"children": [
					34
				]
			},
			"34": {
				"name": "mixamorig:RightForeArm",
				"parent": 33,
				"position": [
					0,
					26.4494,
					0
				],
				"rotation": [
					-3.4931,
					8.22304,
					-49.459
				],
				"scale": [
					1,
					1,
					1
				],
				"scaleCompensation": false,
				"children": [
					35
				]
			},
			"35": {
				"name": "mixamorig:RightHand",
				"parent": 34,
				"position": [
					0,
					23.5991,
					0
				],
				"rotation": [
					-2.0991,
					9.09797,
					-8.19823
				],
				"scale": [
					1,
					1,
					1
				],
				"scaleCompensation": false,
				"children": [
					36,
					40,
					44,
					48,
					52
				]
			},
			"36": {
				"name": "mixamorig:RightHandThumb1",
				"parent": 35,
				"position": [
					2.9037,
					3.4363,
					1.1462
				],
				"rotation": [
					17.3415,
					-3.40079,
					-20.8801
				],
				"scale": [
					1,
					1,
					1
				],
				"scaleCompensation": false,
				"children": [
					37
				]
			},
			"37": {
				"name": "mixamorig:RightHandThumb2",
				"parent": 36,
				"position": [
					0.8475,
					3.616,
					0
				],
				"rotation": [
					-0.49304,
					3.99259,
					10.826
				],
				"scale": [
					1,
					1,
					1
				],
				"scaleCompensation": false,
				"children": [
					38
				]
			},
			"38": {
				"name": "mixamorig:RightHandThumb3",
				"parent": 37,
				"position": [
					-0.1637,
					3.7421,
					0
				],
				"rotation": [
					-17.6739,
					-2.42733,
					8.74675
				],
				"scale": [
					1,
					1,
					1
				],
				"scaleCompensation": false,
				"children": [
					39
				]
			},
			"39": {
				"name": "mixamorig:RightHandThumb4",
				"parent": 38,
				"position": [
					-0.6838,
					3.157,
					0
				],
				"rotation": [
					0,
					0,
					0
				],
				"scale": [
					1,
					1,
					1
				],
				"scaleCompensation": false,
				"children": [

				]
			},
			"40": {
				"name": "mixamorig:RightHandIndex1",
				"parent": 35,
				"position": [
					3.6005,
					10.795,
					-0.0066
				],
				"rotation": [
					15.6726,
					-0.0476211,
					-3.98138
				],
				"scale": [
					1,
					1,
					1
				],
				"scaleCompensation": false,
				"children": [
					41
				]
			},
			"41": {
				"name": "mixamorig:RightHandIndex2",
				"parent": 40,
				"position": [
					-0.0685,
					3.8303,
					0
				],
				"rotation": [
					59.8491,
					-3.00589,
					5.57635
				],
				"scale": [
					1,
					1,
					1
				],
				"scaleCompensation": false,
				"children": [
					42
				]
			},
			"42": {
				"name": "mixamorig:RightHandIndex3",
				"parent": 41,
				"position": [
					0.0348,
					3.677,
					0
				],
				"rotation": [
					35.5236,
					-1.25456,
					2.8055
				],
				"scale": [
					1,
					1,
					1
				],
				"scaleCompensation": false,
				"children": [
					43
				]
			},
			"43": {
				"name": "mixamorig:RightHandIndex4",
				"parent": 42,
				"position": [
					0.0337,
					3.3322,
					0
				],
				"rotation": [
					0,
					0,
					0
				],
				"scale": [
					1,
					1,
					1
				],
				"scaleCompensation": false,
				"children": [

				]
			},
			"44": {
				"name": "mixamorig:RightHandMiddle1",
				"parent": 35,
				"position": [
					1.272,
					10.9666,
					0.0379
				],
				"rotation": [
					37.3905,
					-0.636775,
					-2.06024
				],
				"scale": [
					1,
					1,
					1
				],
				"scaleCompensation": false,
				"children": [
					45
				]
			},
			"45": {
				"name": "mixamorig:RightHandMiddle2",
				"parent": 44,
				"position": [
					-0.0673,
					4.1695,
					0
				],
				"rotation": [
					81.311,
					-4.59049,
					5.78959
				],
				"scale": [
					1,
					1,
					1
				],
				"scaleCompensation": false,
				"children": [
					46
				]
			},
			"46": {
				"name": "mixamorig:RightHandMiddle3",
				"parent": 45,
				"position": [
					0.0228,
					3.7881,
					0
				],
				"rotation": [
					43.6225,
					-1.82255,
					3.62196
				],
				"scale": [
					1,
					1,
					1
				],
				"scaleCompensation": false,
				"children": [
					47
				]
			},
			"47": {
				"name": "mixamorig:RightHandMiddle4",
				"parent": 46,
				"position": [
					0.0446,
					3.3141,
					0
				],
				"rotation": [
					0,
					0,
					0
				],
				"scale": [
					1,
					1,
					1
				],
				"scaleCompensation": false,
				"children": [

				]
			},
			"48": {
				"name": "mixamorig:RightHandRing1",
				"parent": 35,
				"position": [
					-1.2671,
					10.6875,
					-0.1895
				],
				"rotation": [
					64.0671,
					-2.67684,
					0.483308
				],
				"scale": [
					1,
					1,
					1
				],
				"scaleCompensation": false,
				"children": [
					49
				]
			},
			"49": {
				"name": "mixamorig:RightHandRing2",
				"parent": 48,
				"position": [
					-0.0078,
					3.6692,
					0
				],
				"rotation": [
					75.9705,
					-4.19008,
					5.40464
				],
				"scale": [
					1,
					1,
					1
				],
				"scaleCompensation": false,
				"children": [
					50
				]
			},
			"50": {
				"name": "mixamorig:RightHandRing3",
				"parent": 49,
				"position": [
					0.0042,
					3.4705,
					0
				],
				"rotation": [
					38.9668,
					-1.24946,
					3.39373
				],
				"scale": [
					1,
					1,
					1
				],
				"scaleCompensation": false,
				"children": [
					51
				]
			},
			"51": {
				"name": "mixamorig:RightHandRing4",
				"parent": 50,
				"position": [
					0.0035,
					2.9745,
					0
				],
				"rotation": [
					0,
					0,
					0
				],
				"scale": [
					1,
					1,
					1
				],
				"scaleCompensation": false,
				"children": [

				]
			},
			"52": {
				"name": "mixamorig:RightHandPinky1",
				"parent": 35,
				"position": [
					-3.6054,
					10.0808,
					0.0163
				],
				"rotation": [
					73.6962,
					-3.65157,
					1.39857
				],
				"scale": [
					1,
					1,
					1
				],
				"scaleCompensation": false,
				"children": [
					53
				]
			},
			"53": {
				"name": "mixamorig:RightHandPinky2",
				"parent": 52,
				"position": [
					0.0078,
					2.8206,
					0
				],
				"rotation": [
					58.6766,
					-2.70044,
					4.82189
				],
				"scale": [
					1,
					1,
					1
				],
				"scaleCompensation": false,
				"children": [
					54
				]
			},
			"54": {
				"name": "mixamorig:RightHandPinky3",
				"parent": 53,
				"position": [
					-0.0077,
					2.3683,
					0
				],
				"rotation": [
					69.5465,
					-3.86069,
					5.77224
				],
				"scale": [
					1,
					1,
					1
				],
				"scaleCompensation": false,
				"children": [
					55
				]
			},
			"55": {
				"name": "mixamorig:RightHandPinky4",
				"parent": 54,
				"position": [
					-0.0001,
					1.9679,
					0
				],
				"rotation": [
					0,
					0,
					0
				],
				"scale": [
					1,
					1,
					1
				],
				"scaleCompensation": false,
				"children": [

				]
			},
			"56": {
				"name": "mixamorig:LeftUpLeg",
				"parent": 1,
				"position": [
					8.9943,
					-5.4752,
					0.2412
				],
				"rotation": [
					31.2198,
					0.537046,
					-179.719
				],
				"scale": [
					1,
					1,
					1
				],
				"scaleCompensation": false,
				"children": [
					57
				]
			},
			"57": {
				"name": "mixamorig:LeftLeg",
				"parent": 56,
				"position": [
					0,
					44.4688,
					0
				],
				"rotation": [
					-78.6558,
					-2.75992,
					5.11294
				],
				"scale": [
					1,
					1,
					1
				],
				"scaleCompensation": false,
				"children": [
					58
				]
			},
			"58": {
				"name": "mixamorig:LeftFoot",
				"parent": 57,
				"position": [
					0,
					39.5864,
					0
				],
				"rotation": [
					49.6377,
					-1.19658,
					-4.84831
				],
				"scale": [
					1,
					1,
					1
				],
				"scaleCompensation": false,
				"children": [
					59
				]
			},
			"59": {
				"name": "mixamorig:LeftToeBase",
				"parent": 58,
				"position": [
					0,
					21.9805,
					0
				],
				"rotation": [
					47.4499,
					-5.19615,
					-0.292549
				],
				"scale": [
					1,
					1,
					1
				],
				"scaleCompensation": false,
				"children": [
					60
				]
			},
			"60": {
				"name": "mixamorig:LeftToe_End",
				"parent": 59,
				"position": [
					0,
					8.1482,
					0
				],
				"rotation": [
					0,
					0,
					0
				],
				"scale": [
					1,
					1,
					1
				],
				"scaleCompensation": false,
				"children": [

				]
			},
			"61": {
				"name": "mixamorig:RightUpLeg",
				"parent": 1,
				"position": [
					-8.9943,
					-5.4752,
					0.2641
				],
				"rotation": [
					2.70756,
					5.26,
					-178.828
				],
				"scale": [
					1,
					1,
					1
				],
				"scaleCompensation": false,
				"children": [
					62
				]
			},
			"62": {
				"name": "mixamorig:RightLeg",
				"parent": 61,
				"position": [
					0,
					44.4723,
					0
				],
				"rotation": [
					-30.2219,
					-7.32119,
					1.09122
				],
				"scale": [
					1,
					1,
					1
				],
				"scaleCompensation": false,
				"children": [
					63
				]
			},
			"63": {
				"name": "mixamorig:RightFoot",
				"parent": 62,
				"position": [
					0,
					39.5748,
					0
				],
				"rotation": [
					73.0249,
					3.35483,
					-6.32211
				],
				"scale": [
					1,
					1,
					1
				],
				"scaleCompensation": false,
				"children": [
					64
				]
			},
			"64": {
				"name": "mixamorig:RightToeBase",
				"parent": 63,
				"position": [
					0,
					21.6585,
					0
				],
				"rotation": [
					53.5628,
					4.63074,
					-0.140654
				],
				"scale": [
					1,
					1,
					1
				],
				"scaleCompensation": false,
				"children": [
					65
				]
			},
			"65": {
				"name": "mixamorig:RightToe_End",
				"parent": 64,
				"position": [
					0,
					8.1862,
					0
				],
				"rotation": [
					0,
					0,
					0
				],
				"scale": [
					1,
					1,
					1
				],
				"scaleCompensation": false,
				"children": [

				]
			}
		}
	}
}