{"1976980":{"project_id":1205264,"name":"Scene1","created":"2023-11-14T11:28:19.373Z","settings":{"physics":{"gravity":[0,-9.8,0]},"render":{"lightmapFilterRange":10,"fog_end":1000,"lightmapFilterEnabled":false,"ambientBake":false,"tonemapping":4,"lightingAreaLightsEnabled":false,"lightingShadowType":0,"ambientBakeOcclusionContrast":0,"skybox":173229142,"lightingCookieAtlasResolution":2048,"fog_density":0.01,"lightmapFilterSmoothness":0.2,"gamma_correction":1,"exposure":1,"lightingShadowsEnabled":false,"fog_start":1,"skyboxIntensity":1,"global_ambient":[0.21568627450980393,0.21568627450980393,0.21568627450980393],"ambientBakeNumSamples":1,"fog_color":[0,0,0],"lightingCells":[10,3,10],"lightmapMode":1,"lightingCookiesEnabled":false,"clusteredLightingEnabled":false,"ambientBakeSpherePart":0.4,"fog":"none","ambientBakeOcclusionBrightness":0,"lightmapMaxResolution":2048,"lightingMaxLightsPerCell":255,"lightingShadowAtlasResolution":2048,"skyboxMip":0,"lightmapSizeMultiplier":16,"skyboxRotation":[0,0,0],"skyType":"infinite","skyMeshPosition":[0,0,0],"skyMeshRotation":[0,0,0],"skyMeshScale":[100,100,100],"skyCenter":[0,0.1,0]}},"scene":1976980,"entities":{"e951e842-82e0-11ee-9eae-baf4d5e490e2":{"position":[0,0,0],"scale":[1,1,1],"name":"Root","parent":null,"resource_id":"e951e842-82e0-11ee-9eae-baf4d5e490e2","components":{"script":{"enabled":true,"order":["environments","coreScript","fps","ping","PhotonChatPlayCanvas","customAvatarLoader"],"scripts":{"coreScript":{"enabled":true,"attributes":{}},"fps":{"enabled":true,"attributes":{"css":178798309}},"PhotonChatPlayCanvas":{"enabled":true,"attributes":{"appId":"9b422bc7-59c8-4939-84f4-c78b4e9da456","appVersion":"2.0","wss":true}},"customAvatarLoader":{"enabled":true,"attributes":{"css":174376249,"html":174376248,"LoadAvatarBtn":"009d7f40-148c-4e8a-913f-bc9baca54c0a","LoadingScreen":"45039163-7108-42d5-a239-68f87622509a"}},"ping":{"enabled":true,"attributes":{}},"environments":{"enabled":true,"attributes":{"region":"us","roomName":"XSOLLA_ROOM","photonChatAppID":"9b422bc7-59c8-4939-84f4-c78b4e9da456","photonAppID":"aed172b7-ba7b-4f28-87dc-a0860a8f24a2","spotifyClientId":"9a276aaa55a147fb9e6af00b583e6141","spotifyClientSecret":"eaa5ae53d90e4fff877f62cd0c2e2e9d","odinAccessKey":"AZ4yGXeGO6NsMaFqTJXvzqk2U6fKj1iSvs6NnFnakzkd"}}}},"collision":{"enabled":true,"type":"box","halfExtents":[0.5,0.5,0.5],"radius":0.5,"axis":1,"height":2,"asset":null,"renderAsset":null,"linearOffset":[0,0,0],"angularOffset":[0,0,0]}},"rotation":[0,0,0],"tags":[],"enabled":true,"children":["841f7613-d6b2-4c3a-a5e1-2152cf3dffbb","c57c5eda-88e0-4b38-89da-ec81796dc5f7","cb1f7c2a-2ddc-4656-a6af-f348d5982212","0d51be24-8430-4511-847a-ac278585612c","46f0168a-5af9-48d6-b071-24c50ef84a8e","4baa29d2-7330-48b6-a793-fd80a91ca716","8e380c9b-4200-43f3-8b16-1078dbf9d81a","bd06baa7-60af-4151-82e6-717785559b83"]},"e9520d72-82e0-11ee-9eae-baf4d5e490e2":{"position":[0,0,0],"scale":[128,1,128],"name":"Plane","parent":"0d51be24-8430-4511-847a-ac278585612c","resource_id":"e9520d72-82e0-11ee-9eae-baf4d5e490e2","components":{"render":{"isStatic":false,"castShadows":true,"castShadowsLightmap":true,"rootBone":null,"lightmapped":false,"batchGroupId":null,"layers":[0],"receiveShadows":true,"enabled":true,"asset":null,"materialAssets":[null],"type":"plane","lightmapSizeMultiplier":1},"rigidbody":{"enabled":true,"type":"static","mass":1,"linearDamping":0,"angularDamping":0,"linearFactor":[1,1,1],"angularFactor":[1,1,1],"friction":0.5,"restitution":0.5}},"rotation":[0,0,0],"tags":[],"enabled":true,"children":[]},"46f0168a-5af9-48d6-b071-24c50ef84a8e":{"name":"Users","tags":[],"enabled":true,"resource_id":"46f0168a-5af9-48d6-b071-24c50ef84a8e","parent":"e951e842-82e0-11ee-9eae-baf4d5e490e2","children":["671a0d70-0df3-4744-8e38-65b803bbafda","8ef66681-86cd-4ac0-8640-eb63da51f655"],"position":[0,0,0],"rotation":[0,0,0],"scale":[1,1,1],"components":{"script":{"enabled":true,"order":["users","usersInfo","userSkins"],"scripts":{"users":{"enabled":true,"attributes":{"tplUser":173229172,"botsCount":1024}},"usersInfo":{"enabled":true,"attributes":{"tplUser":173229173}},"userSkins":{"enabled":false,"attributes":{"materialAsset":173229199}}}}}},"671a0d70-0df3-4744-8e38-65b803bbafda":{"name":"User","tags":[],"enabled":false,"resource_id":"671a0d70-0df3-4744-8e38-65b803bbafda","parent":"46f0168a-5af9-48d6-b071-24c50ef84a8e","children":["1b79ceda-8c20-4fd6-abb3-829e4f8f7f73","0d71c3a1-075b-45cd-9ad7-e54aeb4c4d47"],"position":[0,0,0],"rotation":[0,0,0],"scale":[1,1,1],"components":{"script":{"enabled":true,"order":["user","userSkin"],"scripts":{"user":{"enabled":true,"attributes":{"speedDefault":12,"acceleration":4}},"userSkin":{"enabled":false,"attributes":{}}}}},"template_id":173229172,"template_ent_ids":{"671a0d70-0df3-4744-8e38-65b803bbafda":"5b831d69-b8bd-44f8-96da-d95935851a8f","0d71c3a1-075b-45cd-9ad7-e54aeb4c4d47":"88a8dd34-355c-4f8e-aaab-194c1b1e099b","c27c81d3-1052-4d0e-9e35-e8b62483eaeb":"bc9a7c18-b0bb-4332-9cc4-6048b381541b","1b79ceda-8c20-4fd6-abb3-829e4f8f7f73":"6977ce69-1e8c-4558-8541-f2d60f513d33","c84c36d7-1ca9-4550-8f41-fe48e9343651":"9b2b89e6-0e4f-4b12-9a3c-2807e297999f","6f1ea972-013e-44b8-bcf4-59c6e7e10ceb":"51eb9815-6c2d-48cd-a5e1-27bafcdeff8b","9085a237-e333-43c1-a6f8-6637ffbeb47b":"769425e6-2c2b-4492-9038-2a7bc3b59a46","362a54a1-9cbf-4c65-b282-3bc9f7a0290a":"8af721d5-f98a-4194-a976-51a9f9c92e86","0acba520-b488-45ab-aaf6-5c089dc17afa":"8c8a42b3-c5ed-4744-956b-ff39615f4e4a","fdd4a568-0abc-4bca-bb01-3a98a6d9d34d":"a72a1bf6-8c36-46dd-8590-42af3ac6eee8","a8f5dcc1-0dfb-4d27-96a7-f6cb40de4a6c":"d26c47ac-2a85-4a80-a640-551c5d7bc407","f8ca2263-f254-421c-ac09-7ceae2482354":"8383f880-d578-4e30-a578-4b816d747c8d","729b208c-8b41-40ef-b934-64af82f18a72":"cb81f162-3855-412f-bf5f-fe2f471663cb","eeb46e00-005f-45af-9287-012b3a10ef91":"f5589780-f258-42f0-94d9-8acad5f356dc","701f563e-3ea6-4d8e-8a8f-82464a0e99b1":"44252c89-d436-4373-b3c8-ad7efc1d0c3a","c1b03d5c-a82e-48a8-b24e-cf43898d6392":"4a4842ff-a7e2-4c89-ae7d-15f12c92401d","d02b2e82-da97-4ce6-a3ef-9599b9d50799":"2dfee660-2340-46c8-882b-b26d107760f2","1244294f-40b9-41b8-9908-980c3ad56639":"6ff85e23-cccf-47dc-b33b-61e2f1937333","d19ef67d-dc6d-43a1-a94b-215ffd81ca8e":"5b69e180-5416-4915-994e-56794df7abc1","8e46815c-e62f-44fa-996c-60350779e95d":"d44069e0-534c-4866-93d9-1db8f5db3ee6","cee9047f-d497-4401-b134-64f70a372728":"74a13473-73e0-45a6-b2b6-5a6bf6f49c4f","875551f0-95bf-4c63-9e5d-69602d975e14":"56384c49-de30-491d-8904-21228149932f","3e0fba3b-c887-47bf-9d1d-4374993e8a01":"3c9eb3e9-d4b1-4471-b505-7651474c1454","f84f2242-326d-4fe2-af04-00de94b72dbd":"a3495a5d-1576-4a4f-b148-1b3bae23267e","4e93869b-5d7f-4539-81c3-484bf740268e":"b606cd86-69da-44c9-9ebe-14b5332540d6","7d4c7dbe-9cba-4b38-9a7d-07a1432b6c25":"fe9ab577-9aed-4491-be2f-01d75a30a76e","dc912194-185d-4c47-958e-6210dfef1d65":"44532ab8-b921-487e-94e0-58f85b84167e","c83eaa5e-1340-4333-86f2-9b0447505fae":"4ff9015c-2268-4bcc-8a22-8f49d8fd4fa3","86c5aa46-497d-4b9a-b909-57e3d8270721":"eac5991d-173e-4370-b4cb-6f3daab5c2ce","df59b0e3-f3a5-4cd1-a3c3-d6083d01893a":"fd782a96-ca7b-4040-9f8f-ad1cae69c152","d05bdb6d-96b5-4b93-b708-51dd066291a6":"73308b9a-d058-4c3a-97d6-d2b18ecc6be1","2bcb453b-1489-4075-b4d4-b59d340d468b":"738a5402-7e85-4e74-9c4f-d88067b014d6","959390c5-6b35-48b2-bd51-64e4f3deb05f":"c4bbaeff-d585-4d79-9052-b9473002c9f5","ed6fe7fa-b702-48dc-85aa-d792fa0dc0bc":"d3341648-1fdb-4003-a9c9-13a0a0194754","0f9ac961-7d9f-4d8f-8042-a973d2d2d19f":"95322291-2745-4ba1-a8ee-1d2e880cbf38","be219549-3e10-4b58-8def-fc26f6f48942":"31d2b814-9279-4635-bdd7-7f00b5fa9162","f48012dc-4480-4a92-9f6c-84553d7f0738":"0766d536-40ce-4348-af9b-dd970e064e0c","9c29bc02-f377-4a30-8827-b327dcd5676b":"73bd1d8d-c2cd-4d52-b667-76fb1f17d300","df7a0fbd-ae2f-4bd8-b98d-140bfd152655":"2dcc0685-1296-4a2b-a2ea-d08ab1d7f3fd","3e10e36d-0762-403d-9eea-6a919a7bc24a":"75ecab0a-cc97-46d0-b840-8d6b767f89ee","c321d58e-4104-4e09-8f36-ad2990ba427e":"6283d9c0-11eb-45bb-8541-800be67efe19","8b6a5dd8-021e-478a-a001-e56129ab59a4":"49e6dae6-5c8c-4f74-9b12-5ff83c18e045","7b11da70-c8b4-47ec-a2b8-ea22a3760bcf":"69ca058e-2094-4026-a4d7-e5c37f114a67","e5af510e-a99a-49dd-a2e0-5b106e1e0c2b":"51a98c69-b214-474f-b84a-4f81141b6fd8","5e4abb6c-c3ef-400d-82ce-9fb84f2aca0a":"877c2458-572f-47da-bcf5-ca2850a0cc54","d393992d-b78a-4e23-8f16-c285556cc2c3":"4f675f93-7e01-46e7-a15f-8168a28e9f79","d09ec3e1-1010-4491-969e-3c7a969e2b62":"4779f3d8-f23b-42bb-bcba-09bc5135a9b2","2cafc85f-f081-4c45-ac10-18bb13d8f316":"e3ed3963-6940-4083-8db2-32cf69f1f5a4","819893b7-a11c-4d0a-b637-fc61d346ba76":"a03f90b8-0cb7-496e-9dc4-24a8b380b1bb","febe6212-dfd5-4dd5-90e1-0416fabc57e6":"af07dad4-fa87-402d-bc55-0fa268d08eac","f5ab5cfc-b58f-423f-9e5b-48d294429982":"d13302c7-b810-4bf1-85be-8dfc802b9655","2b3f8c54-9263-4d30-b4e5-9b807006769c":"79ed88b1-b994-45e3-8565-4d6a1e3ab5eb","4366e678-cbda-4f6a-8a1d-7452e624bac2":"7644a47c-f5fa-4754-b9e7-0ebe9e32ee17","03b6ad53-00b2-4eeb-ac10-f73cd8df661d":"13a26b35-a5f2-4405-b856-5b84d8996adf","bba1b530-90e8-4b78-a373-c56db643ff00":"106fd936-5368-4fbe-ae71-a97e40d782c8","46be979a-2137-4149-a529-979a0597c768":"e4398d1c-0e3e-4f17-b7af-40cbc3ca03e8","7e647b96-7f35-45fb-812b-d8a2d776a9f9":"8c5aae1f-b4e5-496f-afcc-e40c6f32c59c","424a3b43-a808-46c1-afab-48f61cf501f2":"bcdc7c56-cf75-4d9b-a6c7-02bbe6d192bb","38cf31da-5538-401c-bafa-fa45a676b97d":"acf53d65-d608-4e2d-a8ff-14a906adecbe","0e09228d-2833-489e-b26c-151e695b142d":"0b16f839-3658-4e75-9d8d-3cfe76b4d770","994cf210-1451-44df-8ee7-7ccd8bd78bf3":"b44b5e45-5110-47d7-9b3d-0de96ab80cf9","98a46ae6-a9c1-4173-9807-838f5ddfa65b":"8ae40954-9295-4b93-9aee-6e206d4981cb","6ddbc6a0-dc2c-4735-88cc-7bd4570406c8":"b6fbdd6f-7ca5-4bbb-a913-903af563cbb1","400be0c4-d955-42cd-b194-360a6b320783":"8ad5db87-c8a8-4264-a73c-126f12621c8e","1d89dd9f-9c70-4eb3-9bdd-03899123462e":"c7fce686-0455-4c7e-b55e-6d71bcf6a874","e36c8324-bff1-4962-93e2-37700a95acd1":"d6191fa1-55dd-40ac-8f64-ea6038df456a","3121a010-0c91-4e82-8e25-842873f9ed7f":"bfa84743-2a09-41f9-9037-7453ca882559","ec114c1f-2662-4727-abb8-25e932093440":"b10e948a-a7b6-4a4a-8e1d-d12c5e588b20","77a87415-b8dd-4bf5-9942-9d0c7afac65f":"46cd490f-a95e-4de5-8c5f-1b3ba091a049","ed4b938a-1330-4f26-8d5b-385ea0e54007":"4a798472-2a59-4c6b-9df0-0c676c09179c","920e00fb-5690-46db-97ee-caab7a48dbe1":"6d16f18a-380c-4907-aa79-776cc69fd5f1","395cf0f7-9b89-4175-89fc-863a275baedb":"7c4f0c94-e4ac-46ab-8de7-cc8b5f80b486"}},"0d71c3a1-075b-45cd-9ad7-e54aeb4c4d47":{"name":"Helpers","tags":[],"enabled":true,"resource_id":"0d71c3a1-075b-45cd-9ad7-e54aeb4c4d47","parent":"671a0d70-0df3-4744-8e38-65b803bbafda","children":["c27c81d3-1052-4d0e-9e35-e8b62483eaeb"],"position":[0,0,0],"rotation":[0,0,0],"scale":[1,1,1],"components":{}},"c27c81d3-1052-4d0e-9e35-e8b62483eaeb":{"name":"SphereCollider","tags":[],"enabled":false,"resource_id":"c27c81d3-1052-4d0e-9e35-e8b62483eaeb","parent":"0d71c3a1-075b-45cd-9ad7-e54aeb4c4d47","children":[],"position":[0,1.1,0],"rotation":[0,0,0],"scale":[2.2,2.2,2.2],"components":{"render":{"enabled":true,"type":"sphere","asset":null,"materialAssets":[173229216],"layers":[0],"batchGroupId":null,"castShadows":false,"castShadowsLightmap":false,"receiveShadows":false,"lightmapped":false,"lightmapSizeMultiplier":1,"castShadowsLightMap":true,"lightMapped":false,"lightMapSizeMultiplier":1,"isStatic":false,"rootBone":null}}},"8ef66681-86cd-4ac0-8640-eb63da51f655":{"name":"UserInfo","tags":[],"enabled":true,"resource_id":"8ef66681-86cd-4ac0-8640-eb63da51f655","parent":"46f0168a-5af9-48d6-b071-24c50ef84a8e","children":["743349ba-3d40-443b-91ed-c9524e251230","1857be30-ad77-4fde-b076-566cfbe7caca"],"position":[0,0,0],"rotation":[0,0,0],"scale":[1,1,1],"components":{},"template_id":173229173,"template_ent_ids":{"8ef66681-86cd-4ac0-8640-eb63da51f655":"d605bb16-2940-406d-92d8-e4decb67a685","743349ba-3d40-443b-91ed-c9524e251230":"51598601-878a-4192-bf2e-e602fc65d2ad","1857be30-ad77-4fde-b076-566cfbe7caca":"44572d1b-de49-4108-a9c4-8ac1242a83b8"}},"743349ba-3d40-443b-91ed-c9524e251230":{"name":"Name","tags":[],"enabled":true,"resource_id":"743349ba-3d40-443b-91ed-c9524e251230","parent":"8ef66681-86cd-4ac0-8640-eb63da51f655","children":[],"position":[0,0.15,0],"rotation":[0,7.016709406091993e-15,0],"scale":[0.01,0.01,0.01],"components":{"element":{"enabled":true,"type":"text","anchor":[0.5,0.5,0.5,0.5],"pivot":[0.5,0.5],"text":"","key":null,"fontAsset":173229174,"fontSize":32,"minFontSize":8,"maxFontSize":32,"autoFitWidth":false,"autoFitHeight":false,"maxLines":null,"lineHeight":32,"wrapLines":true,"spacing":1,"color":[1,1,1],"opacity":1,"textureAsset":null,"spriteAsset":null,"spriteFrame":0,"pixelsPerUnit":null,"width":8.832,"height":35.072,"margin":[-4.416,-17.386,-4.416,-17.686],"alignment":[0.5,0.5],"outlineColor":[0,0,0,1],"outlineThickness":1,"shadowColor":[0,0,0,1],"shadowOffset":[0,0],"rect":[0,0,1,1],"materialAsset":null,"autoWidth":true,"autoHeight":true,"fitMode":"stretch","useInput":false,"batchGroupId":null,"mask":false,"layers":[0],"enableMarkup":false}}},"1857be30-ad77-4fde-b076-566cfbe7caca":{"name":"Info","tags":[],"enabled":false,"resource_id":"1857be30-ad77-4fde-b076-566cfbe7caca","parent":"8ef66681-86cd-4ac0-8640-eb63da51f655","children":[],"position":[0,-0.15,0],"rotation":[0,7.016709406091993e-15,0],"scale":[0.01,0.01,0.01],"components":{"element":{"enabled":true,"type":"text","anchor":[0.5,0.5,0.5,0.5],"pivot":[0.5,0.5],"text":"","key":null,"fontAsset":173229174,"fontSize":16,"minFontSize":8,"maxFontSize":32,"autoFitWidth":false,"autoFitHeight":false,"maxLines":null,"lineHeight":16,"wrapLines":true,"spacing":1,"color":[0,1,0],"opacity":1,"textureAsset":null,"spriteAsset":null,"spriteFrame":0,"pixelsPerUnit":null,"width":4.416,"height":0,"margin":[-2.208,-8.918,-2.208,-8.618],"alignment":[0.5,0.5],"outlineColor":[0,0,0,1],"outlineThickness":1,"shadowColor":[0,0,0,1],"shadowOffset":[0,0],"rect":[0,0,1,1],"materialAsset":null,"autoWidth":true,"autoHeight":true,"fitMode":"stretch","useInput":false,"batchGroupId":null,"mask":false,"layers":[0],"enableMarkup":false}}},"841f7613-d6b2-4c3a-a5e1-2152cf3dffbb":{"name":"UI","tags":[],"enabled":true,"resource_id":"841f7613-d6b2-4c3a-a5e1-2152cf3dffbb","parent":"e951e842-82e0-11ee-9eae-baf4d5e490e2","children":["a6b93d55-0f04-49e9-86c2-c76e525b0fe6","905f2fc8-3635-41c9-afb4-cd54da6afa62","bfefe739-494c-41cb-96c9-6b016dd88c42","009d7f40-148c-4e8a-913f-bc9baca54c0a","45039163-7108-42d5-a239-68f87622509a","7a27f6b7-3886-4d6a-962e-46b09d95b0c2","1f795050-f611-44f6-8248-672543d33c16","ef47e32e-0e1a-4deb-b677-33a0811d59a9","7eca1e49-e2a3-4835-9f92-4af59595aac4"],"position":[0,0,0],"rotation":[0,0,0],"scale":[1,1,1],"components":{"screen":{"enabled":true,"screenSpace":true,"scaleMode":"blend","scaleBlend":0.5,"resolution":[1280,720],"referenceResolution":[1280,720],"priority":0},"script":{"enabled":true,"order":["userCounter","reconnectMenu"],"scripts":{"reconnectMenu":{"enabled":true,"attributes":{}},"userCounter":{"enabled":true,"attributes":{}}}}}},"a6b93d55-0f04-49e9-86c2-c76e525b0fe6":{"name":"Controls","tags":[],"enabled":true,"resource_id":"a6b93d55-0f04-49e9-86c2-c76e525b0fe6","parent":"841f7613-d6b2-4c3a-a5e1-2152cf3dffbb","children":["82cb7079-bb69-423e-9c29-0c8449d3ee90","bfadb6bf-7590-481a-b71c-e4d3680ac9ab"],"position":[0,0,0],"rotation":[0,0,0],"scale":[1,1,1],"components":{}},"bfadb6bf-7590-481a-b71c-e4d3680ac9ab":{"name":"JumpButton","tags":["controls"],"enabled":true,"resource_id":"bfadb6bf-7590-481a-b71c-e4d3680ac9ab","parent":"a6b93d55-0f04-49e9-86c2-c76e525b0fe6","children":["6e87f021-e5d1-4f25-836b-b9a1e507215d"],"position":[-128,160,0],"rotation":[0,0,0],"scale":[1,1,1],"components":{"element":{"enabled":true,"type":"image","anchor":[1,0,1,0],"pivot":[0.5,0.5],"text":"","key":null,"fontAsset":null,"fontSize":32,"minFontSize":8,"maxFontSize":32,"autoFitWidth":false,"autoFitHeight":false,"maxLines":null,"lineHeight":32,"wrapLines":true,"spacing":1,"color":[0,0,0],"opacity":0.231,"textureAsset":173229163,"spriteAsset":null,"spriteFrame":0,"pixelsPerUnit":null,"width":60,"height":60,"margin":[-158,130,98,-190],"alignment":[0.5,0.5],"outlineColor":[0,0,0,1],"outlineThickness":0,"shadowColor":[0,0,0,1],"shadowOffset":[0,0],"rect":[0,0,1,1],"materialAsset":null,"autoWidth":false,"autoHeight":false,"fitMode":"stretch","useInput":false,"batchGroupId":null,"mask":false,"layers":[4],"enableMarkup":false}}},"6e87f021-e5d1-4f25-836b-b9a1e507215d":{"name":"Button","tags":["controls"],"enabled":true,"resource_id":"6e87f021-e5d1-4f25-836b-b9a1e507215d","parent":"bfadb6bf-7590-481a-b71c-e4d3680ac9ab","children":[],"position":[0,0,0],"rotation":[0,0,0],"scale":[1,1,1],"components":{"button":{"enabled":true,"active":true,"imageEntity":null,"hitPadding":[0,0,0,0],"transitionMode":0,"hoverTint":[1,1,1,1],"pressedTint":[1,1,1,1],"inactiveTint":[1,1,1,1],"fadeDuration":0,"hoverSpriteAsset":null,"hoverSpriteFrame":0,"pressedSpriteAsset":null,"pressedSpriteFrame":0,"inactiveSpriteAsset":null,"inactiveSpriteFrame":0,"hoverTextureAsset":null,"pressedTextureAsset":null,"inactiveTextureAsset":null},"element":{"enabled":true,"type":"image","anchor":[0.5,0.5,0.5,0.5],"pivot":[0.5,0.5],"text":"","key":null,"fontAsset":null,"fontSize":32,"minFontSize":8,"maxFontSize":32,"autoFitWidth":false,"autoFitHeight":false,"maxLines":null,"lineHeight":32,"wrapLines":true,"spacing":1,"color":[1,1,1],"opacity":0.75,"textureAsset":173229163,"spriteAsset":null,"spriteFrame":0,"pixelsPerUnit":null,"width":60,"height":60,"margin":[-30,-30,-30,-30],"alignment":[0.5,0.5],"outlineColor":[0,0,0,1],"outlineThickness":0,"shadowColor":[0,0,0,1],"shadowOffset":[0,0],"rect":[0,0,1,1],"materialAsset":null,"autoWidth":false,"autoHeight":false,"fitMode":"stretch","useInput":true,"batchGroupId":null,"mask":false,"layers":[4],"enableMarkup":false},"script":{"enabled":true,"order":["buttonAnim"],"scripts":{"buttonAnim":{"enabled":true,"attributes":{"animShow":{"time":1,"playOnStart":true,"ended":false,"sclParent":{"keys":[0,0,0.5,0,0.9,1.25,1,1]},"sclStick":{"keys":[0,0,0.25,1,1,1]}}}}}}}},"c57c5eda-88e0-4b38-89da-ec81796dc5f7":{"name":"CameraState","tags":[],"enabled":true,"resource_id":"c57c5eda-88e0-4b38-89da-ec81796dc5f7","parent":"e951e842-82e0-11ee-9eae-baf4d5e490e2","children":["7f93ca68-3685-4053-9600-4ace7b0729d7","66a9f68f-71aa-40ea-abd4-6be33b1a4ed4"],"position":[0,0,0],"rotation":[0,0,0],"scale":[1,1,1],"components":{"script":{"enabled":true,"order":["topDownCamera","firstPersonCamera","thirdPersonCamera","playerMovement","cameraSwitcher"],"scripts":{"playerMovement":{"enabled":true,"attributes":{"joystickName":"move","jumpButton":"bfadb6bf-7590-481a-b71c-e4d3680ac9ab","flightMode":false}},"thirdPersonCamera":{"enabled":true,"attributes":{"joystickMove":"5bf6dbf8-377b-48f1-ac65-20a0c3e63e38","height":1,"mouseSpeed":1.4,"touchSpeed":5.6,"zoom":{"default":8,"min":2,"max":15,"mouseSensitivity":1,"touchSensitivity":0.1}}},"firstPersonCamera":{"enabled":false,"attributes":{"height":1,"zoom":{"default":8,"min":2,"max":15,"mouseSensitivity":1,"touchSensitivity":0.1},"joystickMove":"5bf6dbf8-377b-48f1-ac65-20a0c3e63e38","mouseSpeed":1.4,"touchSpeed":5.6}},"cameraSwitcher":{"enabled":true,"attributes":{}},"topDownCamera":{"enabled":true,"attributes":{"joystickMove":"5bf6dbf8-377b-48f1-ac65-20a0c3e63e38","height":1,"mouseSpeed":1.4,"touchSpeed":5.6,"zoom":{"default":8,"min":2,"max":64,"mouseSensitivity":1,"touchSensitivity":0.1}}}}}}},"7f93ca68-3685-4053-9600-4ace7b0729d7":{"name":"MainCamera","tags":["MainCamera"],"enabled":true,"resource_id":"7f93ca68-3685-4053-9600-4ace7b0729d7","parent":"c57c5eda-88e0-4b38-89da-ec81796dc5f7","children":[],"position":[-21.496350587905937,7.665175473112448,3.438585594765982],"rotation":[11.9999988021421,-56.999999269842085,-2.2373698089604195e-7],"scale":[1,1,1],"components":{"camera":{"enabled":true,"clearColorBuffer":true,"clearColor":[0,0,0,1],"clearDepthBuffer":true,"renderSceneDepthMap":false,"renderSceneColorMap":false,"projection":0,"fov":60,"frustumCulling":false,"orthoHeight":100,"nearClip":0.3,"farClip":2048,"priority":0,"rect":[0,0,1,1],"layers":[0,1,3,4,2]},"script":{"enabled":true,"order":["onPreRender"],"scripts":{"onPreRender":{"enabled":true,"attributes":{}}}},"audiolistener":{"enabled":true}}},"66a9f68f-71aa-40ea-abd4-6be33b1a4ed4":{"name":"RaycastEndPoint","tags":[],"enabled":true,"resource_id":"66a9f68f-71aa-40ea-abd4-6be33b1a4ed4","parent":"c57c5eda-88e0-4b38-89da-ec81796dc5f7","children":[],"position":[0,0,8],"rotation":[0,0,0],"scale":[1,1,1],"components":{}},"0d51be24-8430-4511-847a-ac278585612c":{"name":"Level","tags":[],"enabled":false,"resource_id":"0d51be24-8430-4511-847a-ac278585612c","parent":"e951e842-82e0-11ee-9eae-baf4d5e490e2","children":["e9520d72-82e0-11ee-9eae-baf4d5e490e2"],"position":[0,0,0],"rotation":[0,0,0],"scale":[1,1,1],"components":{}},"4baa29d2-7330-48b6-a793-fd80a91ca716":{"name":"Helpers","tags":[],"enabled":true,"resource_id":"4baa29d2-7330-48b6-a793-fd80a91ca716","parent":"e951e842-82e0-11ee-9eae-baf4d5e490e2","children":["62be7334-ff47-4614-91f5-bffba6b0d3fa","c74d5807-44bd-4d3a-af4e-1d5f3f79166b"],"position":[0,0,0],"rotation":[0,0,0],"scale":[1,1,1],"components":{}},"62be7334-ff47-4614-91f5-bffba6b0d3fa":{"name":"SpawnArea","tags":["SpawnArea"],"enabled":false,"resource_id":"62be7334-ff47-4614-91f5-bffba6b0d3fa","parent":"4baa29d2-7330-48b6-a793-fd80a91ca716","children":[],"position":[0,0,0],"rotation":[0,0,0],"scale":[128,1,128],"components":{"render":{"enabled":true,"type":"plane","asset":null,"materialAssets":[173229211],"layers":[0],"batchGroupId":null,"castShadows":false,"castShadowsLightmap":false,"receiveShadows":false,"lightmapped":false,"lightmapSizeMultiplier":1,"castShadowsLightMap":true,"lightMapped":false,"lightMapSizeMultiplier":1,"isStatic":false,"rootBone":null}}},"c74d5807-44bd-4d3a-af4e-1d5f3f79166b":{"name":"WorldBoundingBox","tags":[],"enabled":false,"resource_id":"c74d5807-44bd-4d3a-af4e-1d5f3f79166b","parent":"4baa29d2-7330-48b6-a793-fd80a91ca716","children":[],"position":[0,0,0],"rotation":[0,0,0],"scale":[144,128,144],"components":{"render":{"enabled":true,"type":"box","asset":null,"materialAssets":[173229215],"layers":[0],"batchGroupId":null,"castShadows":false,"castShadowsLightmap":false,"receiveShadows":false,"lightmapped":false,"lightmapSizeMultiplier":1,"castShadowsLightMap":true,"lightMapped":false,"lightMapSizeMultiplier":1,"isStatic":false,"rootBone":null}}},"cb1f7c2a-2ddc-4656-a6af-f348d5982212":{"name":"Directional Light","tags":[],"enabled":false,"resource_id":"cb1f7c2a-2ddc-4656-a6af-f348d5982212","parent":"e951e842-82e0-11ee-9eae-baf4d5e490e2","children":[],"position":[0,0,0],"rotation":[45,45,0],"scale":[1,1,1],"components":{"light":{"enabled":true,"type":"directional","bake":false,"bakeArea":0,"bakeNumSamples":1,"bakeDir":true,"affectDynamic":true,"affectLightmapped":false,"affectSpecularity":true,"color":[1,1,1],"intensity":0,"castShadows":true,"shadowUpdateMode":2,"shadowType":0,"vsmBlurMode":1,"vsmBlurSize":11,"vsmBias":0.01,"shadowDistance":64,"shadowIntensity":1,"shadowResolution":2048,"numCascades":1,"cascadeDistribution":0.5,"shadowBias":0.2,"normalOffsetBias":0.05,"range":8,"falloffMode":0,"innerConeAngle":40,"outerConeAngle":45,"shape":0,"cookieAsset":null,"cookieIntensity":1,"cookieFalloff":true,"cookieChannel":"rgb","cookieAngle":0,"cookieScale":[1,1],"cookieOffset":[0,0],"isStatic":false,"layers":[0]}}},"82cb7079-bb69-423e-9c29-0c8449d3ee90":{"name":"JoystickMove","tags":["controls"],"enabled":true,"resource_id":"82cb7079-bb69-423e-9c29-0c8449d3ee90","parent":"a6b93d55-0f04-49e9-86c2-c76e525b0fe6","children":["fd66cb56-fdbb-483d-8ef1-6c37fd3b890c","5bf6dbf8-377b-48f1-ac65-20a0c3e63e38"],"position":[160,160,0],"rotation":[0,0,0],"scale":[1,1,1],"components":{"element":{"enabled":true,"type":"image","anchor":[0,0,0,0],"pivot":[0.5,0.5],"text":"","key":null,"fontAsset":null,"fontSize":32,"minFontSize":8,"maxFontSize":32,"autoFitWidth":false,"autoFitHeight":false,"maxLines":null,"lineHeight":32,"wrapLines":true,"spacing":1,"color":[1,1,1],"opacity":0.24,"textureAsset":177459889,"spriteAsset":null,"spriteFrame":0,"pixelsPerUnit":null,"width":150,"height":150,"margin":[85,85,-235,-235],"alignment":[0.5,0.5],"outlineColor":[0,0,0,1],"outlineThickness":0,"shadowColor":[0,0,0,1],"shadowOffset":[0,0],"rect":[0,0,1,1],"materialAsset":null,"autoWidth":false,"autoHeight":false,"fitMode":"stretch","useInput":false,"batchGroupId":null,"mask":false,"layers":[4],"enableMarkup":false}}},"fd66cb56-fdbb-483d-8ef1-6c37fd3b890c":{"name":"Ring","tags":["controls"],"enabled":true,"resource_id":"fd66cb56-fdbb-483d-8ef1-6c37fd3b890c","parent":"82cb7079-bb69-423e-9c29-0c8449d3ee90","children":[],"position":[0,0,0],"rotation":[0,0,0],"scale":[1,1,1],"components":{"element":{"enabled":true,"type":"image","anchor":[0.5,0.5,0.5,0.5],"pivot":[0.5,0.5],"text":"","key":null,"fontAsset":null,"fontSize":32,"minFontSize":8,"maxFontSize":32,"autoFitWidth":false,"autoFitHeight":false,"maxLines":null,"lineHeight":32,"wrapLines":true,"spacing":1,"color":[1,1,1],"opacity":1,"textureAsset":177459888,"spriteAsset":null,"spriteFrame":0,"pixelsPerUnit":null,"width":200,"height":200,"margin":[-100,-100,-100,-100],"alignment":[0.5,0.5],"outlineColor":[0,0,0,1],"outlineThickness":0,"shadowColor":[0,0,0,1],"shadowOffset":[0,0],"rect":[0,0,1,1],"materialAsset":null,"autoWidth":false,"autoHeight":false,"fitMode":"stretch","useInput":false,"batchGroupId":null,"mask":false,"layers":[4],"enableMarkup":false}}},"5bf6dbf8-377b-48f1-ac65-20a0c3e63e38":{"name":"Stick","tags":["controls"],"enabled":true,"resource_id":"5bf6dbf8-377b-48f1-ac65-20a0c3e63e38","parent":"82cb7079-bb69-423e-9c29-0c8449d3ee90","children":[],"position":[0,0,0],"rotation":[0,0,0],"scale":[1,1,1],"components":{"element":{"enabled":true,"type":"image","anchor":[0.5,0.5,0.5,0.5],"pivot":[0.5,0.5],"text":"","key":null,"fontAsset":null,"fontSize":32,"minFontSize":8,"maxFontSize":32,"autoFitWidth":false,"autoFitHeight":false,"maxLines":null,"lineHeight":32,"wrapLines":true,"spacing":1,"color":[1,1,1],"opacity":1,"textureAsset":177462580,"spriteAsset":null,"spriteFrame":0,"pixelsPerUnit":null,"width":60,"height":60,"margin":[-30,-30,-30,-30],"alignment":[0.5,0.5],"outlineColor":[0,0,0,1],"outlineThickness":0,"shadowColor":[0,0,0,1],"shadowOffset":[0,0],"rect":[0,0,1,1],"materialAsset":null,"autoWidth":false,"autoHeight":false,"fitMode":"stretch","useInput":true,"batchGroupId":null,"mask":false,"layers":[4],"enableMarkup":false},"script":{"enabled":true,"order":["joystick"],"scripts":{"joystick":{"enabled":true,"attributes":{"name":"move","screenSide":"Left","free":true,"animShow":{"time":1,"playOnStart":true,"ended":false,"sclParent":{"keys":[0,0,0.5,0,0.9,1.25,1,1]},"sclStick":{"keys":[0,0,0.25,1,1,1]}},"ring":false}}}}}},"8e380c9b-4200-43f3-8b16-1078dbf9d81a":{"name":"Box","tags":[],"enabled":true,"resource_id":"8e380c9b-4200-43f3-8b16-1078dbf9d81a","parent":"e951e842-82e0-11ee-9eae-baf4d5e490e2","children":[],"position":[0,0,-20],"rotation":[0,0,0],"scale":[3,5,2],"components":{"render":{"enabled":true,"type":"box","asset":null,"materialAssets":[null],"layers":[0],"batchGroupId":null,"castShadows":true,"castShadowsLightmap":true,"receiveShadows":true,"lightmapped":false,"lightmapSizeMultiplier":1,"castShadowsLightMap":true,"lightMapped":false,"lightMapSizeMultiplier":1,"isStatic":false,"rootBone":null},"collision":{"enabled":true,"type":"box","halfExtents":[1.5,3,1.5],"radius":0.5,"axis":1,"height":2,"asset":null,"renderAsset":null,"linearOffset":[0,0,0],"angularOffset":[0,0,0]},"script":{"enabled":true,"order":["tp2"],"scripts":{"tp2":{"enabled":true,"attributes":{}}}}}},"bfefe739-494c-41cb-96c9-6b016dd88c42":{"name":"VoiceButton","tags":[],"enabled":true,"resource_id":"bfefe739-494c-41cb-96c9-6b016dd88c42","parent":"841f7613-d6b2-4c3a-a5e1-2152cf3dffbb","children":[],"position":[0,0,0],"rotation":[0,0,0],"scale":[1,1,1],"components":{"script":{"enabled":true,"order":["voiceOn"],"scripts":{"voiceOn":{"enabled":true,"attributes":{"voice_button":176938737,"css":176938780,"loadingAsset":178797690}}}}}},"905f2fc8-3635-41c9-afb4-cd54da6afa62":{"name":"Online Chat","tags":[],"enabled":true,"resource_id":"905f2fc8-3635-41c9-afb4-cd54da6afa62","parent":"841f7613-d6b2-4c3a-a5e1-2152cf3dffbb","children":[],"position":[0,0,0],"rotation":[0,0,0],"scale":[1,1,1],"components":{"script":{"enabled":true,"order":["online_chat"],"scripts":{"online_chat":{"enabled":true,"attributes":{"css":174049617,"html":174049580,"photonEntity":"e951e842-82e0-11ee-9eae-baf4d5e490e2","chat_button":176937221}}}}}},"009d7f40-148c-4e8a-913f-bc9baca54c0a":{"name":"Load Avatar Button","tags":[],"enabled":false,"resource_id":"009d7f40-148c-4e8a-913f-bc9baca54c0a","parent":"841f7613-d6b2-4c3a-a5e1-2152cf3dffbb","children":["0b8494df-8259-4891-acc9-8352a6435d5c"],"position":[-533,1022,0],"rotation":[0,0,0],"scale":[1,1,1],"components":{"element":{"enabled":true,"type":"group","anchor":[0,0,1,1],"pivot":[0.5,0.5],"text":"","key":null,"fontAsset":null,"fontSize":32,"minFontSize":8,"maxFontSize":32,"autoFitWidth":false,"autoFitHeight":false,"maxLines":null,"lineHeight":32,"wrapLines":true,"spacing":1,"color":[1,1,1],"opacity":1,"textureAsset":null,"spriteAsset":null,"spriteFrame":0,"pixelsPerUnit":null,"width":1280,"height":720,"margin":[-1173,662,1173,-662],"alignment":[0.5,0.5],"outlineColor":[0,0,0,1],"outlineThickness":0,"shadowColor":[0,0,0,1],"shadowOffset":[0,0],"rect":[0,0,1,1],"materialAsset":null,"autoWidth":false,"autoHeight":false,"fitMode":"stretch","useInput":false,"batchGroupId":null,"mask":false,"layers":[4],"enableMarkup":false}}},"0b8494df-8259-4891-acc9-8352a6435d5c":{"name":"Button","tags":[],"enabled":false,"resource_id":"0b8494df-8259-4891-acc9-8352a6435d5c","parent":"009d7f40-148c-4e8a-913f-bc9baca54c0a","children":["6215623c-d7a3-46b7-b45f-2f887592b3ed"],"position":[0,0,0],"rotation":[0,0,0],"scale":[1,1,1],"components":{"button":{"enabled":true,"active":true,"imageEntity":"0b8494df-8259-4891-acc9-8352a6435d5c","hitPadding":[0,0,0,0],"transitionMode":0,"hoverTint":[0.24313725490196078,0.24313725490196078,0.24313725490196078,1],"pressedTint":[0.15294117647058825,0.15294117647058825,0.15294117647058825,1],"inactiveTint":[1,1,1,1],"fadeDuration":0,"hoverSpriteAsset":null,"hoverSpriteFrame":0,"pressedSpriteAsset":null,"pressedSpriteFrame":0,"inactiveSpriteAsset":null,"inactiveSpriteFrame":0,"hoverTextureAsset":null,"pressedTextureAsset":null,"inactiveTextureAsset":null},"element":{"enabled":true,"type":"image","anchor":[1,0,1,0],"pivot":[0.5,0.5],"text":"","key":null,"fontAsset":null,"fontSize":32,"minFontSize":8,"maxFontSize":32,"autoFitWidth":false,"autoFitHeight":false,"maxLines":null,"lineHeight":32,"wrapLines":true,"spacing":1,"color":[0.2627450980392157,0.2627450980392157,0.2627450980392157],"opacity":1,"textureAsset":null,"spriteAsset":null,"spriteFrame":0,"pixelsPerUnit":null,"width":149.43,"height":41.16,"margin":[-74.715,-20.58,-74.715,-20.58],"alignment":[0.5,0.5],"outlineColor":[0,0,0,1],"outlineThickness":0,"shadowColor":[0,0,0,1],"shadowOffset":[0,0],"rect":[0,0,1,1],"materialAsset":null,"autoWidth":false,"autoHeight":false,"fitMode":"stretch","useInput":true,"batchGroupId":null,"mask":false,"layers":[4],"enableMarkup":false},"script":{"enabled":true,"order":["buttonManager"],"scripts":{"buttonManager":{"enabled":true,"attributes":{"Choices":1}}}}}},"6215623c-d7a3-46b7-b45f-2f887592b3ed":{"name":"Text","tags":[],"enabled":true,"resource_id":"6215623c-d7a3-46b7-b45f-2f887592b3ed","parent":"0b8494df-8259-4891-acc9-8352a6435d5c","children":[],"position":[0,0,0],"rotation":[0,0,0],"scale":[1,1,1],"components":{"element":{"enabled":true,"type":"text","anchor":[0.5,0.5,0.5,0.5],"pivot":[0.5,0.5],"text":"Character","key":null,"fontAsset":173229174,"fontSize":18.36,"minFontSize":8,"maxFontSize":32,"autoFitWidth":false,"autoFitHeight":false,"maxLines":null,"lineHeight":32,"wrapLines":true,"spacing":1,"color":[1,1,1],"opacity":1,"textureAsset":null,"spriteAsset":null,"spriteFrame":0,"pixelsPerUnit":null,"width":93.25,"height":20.123,"margin":[-46.625,-10.061,-46.625,-10.061],"alignment":[0.5,0.5],"outlineColor":[0,0,0,1],"outlineThickness":0,"shadowColor":[0,0,0,1],"shadowOffset":[0,0],"rect":[0,0,1,1],"materialAsset":null,"autoWidth":true,"autoHeight":true,"fitMode":"stretch","useInput":false,"batchGroupId":null,"mask":false,"layers":[4],"enableMarkup":true}}},"45039163-7108-42d5-a239-68f87622509a":{"name":"Loading Screen","tags":[],"enabled":false,"resource_id":"45039163-7108-42d5-a239-68f87622509a","parent":"841f7613-d6b2-4c3a-a5e1-2152cf3dffbb","children":["0dad632f-6cb1-44de-a566-b76bb28f4d81","32a035b5-1980-4b41-b999-9b6016eb2b84","bd9bcf48-4851-4128-81c0-acf5b3ac107b"],"position":[640,360,0],"rotation":[0,0,0],"scale":[1,1,1],"components":{"element":{"enabled":true,"type":"group","anchor":[0,0,1,1],"pivot":[0.5,0.5],"text":"","key":null,"fontAsset":58831988,"fontSize":32,"minFontSize":8,"maxFontSize":32,"autoFitWidth":false,"autoFitHeight":false,"maxLines":null,"lineHeight":32,"wrapLines":true,"spacing":1,"color":[1,1,1],"opacity":1,"textureAsset":null,"spriteAsset":null,"spriteFrame":0,"pixelsPerUnit":null,"width":1280,"height":720,"margin":[0,0,0,0],"alignment":[0.5,0.5],"outlineColor":[0,0,0,1],"outlineThickness":0,"shadowColor":[0,0,0,1],"shadowOffset":[0,0],"rect":[0,0,1,1],"materialAsset":null,"autoWidth":false,"autoHeight":false,"fitMode":"stretch","useInput":false,"batchGroupId":null,"mask":false,"layers":[4],"enableMarkup":false}}},"0dad632f-6cb1-44de-a566-b76bb28f4d81":{"name":"Image","tags":[],"enabled":true,"resource_id":"0dad632f-6cb1-44de-a566-b76bb28f4d81","parent":"45039163-7108-42d5-a239-68f87622509a","children":[],"position":[640,360,0],"rotation":[0,0,0],"scale":[1,1,1],"components":{"element":{"enabled":true,"type":"image","anchor":[0,0,1,1],"pivot":[0.5,0.5],"text":"","key":null,"fontAsset":58831988,"fontSize":32,"minFontSize":8,"maxFontSize":32,"autoFitWidth":false,"autoFitHeight":false,"maxLines":null,"lineHeight":32,"wrapLines":true,"spacing":1,"color":[0,0,0],"opacity":0.539,"textureAsset":null,"spriteAsset":null,"spriteFrame":0,"pixelsPerUnit":null,"width":1280,"height":720,"margin":[0,0,0,0],"alignment":[0.5,0.5],"outlineColor":[0,0,0,1],"outlineThickness":0,"shadowColor":[0,0,0,1],"shadowOffset":[0,0],"rect":[0,0,1,1],"materialAsset":null,"autoWidth":false,"autoHeight":false,"fitMode":"stretch","useInput":false,"batchGroupId":null,"mask":false,"layers":[4],"enableMarkup":false}}},"32a035b5-1980-4b41-b999-9b6016eb2b84":{"name":"Text","tags":[],"enabled":true,"resource_id":"32a035b5-1980-4b41-b999-9b6016eb2b84","parent":"45039163-7108-42d5-a239-68f87622509a","children":[],"position":[0,-25.18036029713553,0],"rotation":[0,0,0],"scale":[1,1,1],"components":{"element":{"enabled":true,"type":"text","anchor":[0.5,0.5,0.5,0.5],"pivot":[0.5,0.5],"text":"Loading Avatar...","key":null,"fontAsset":58831988,"fontSize":20.35,"minFontSize":8,"maxFontSize":32,"autoFitWidth":false,"autoFitHeight":false,"maxLines":null,"lineHeight":32,"wrapLines":true,"spacing":1,"color":[1,1,1],"opacity":1,"textureAsset":null,"spriteAsset":null,"spriteFrame":0,"pixelsPerUnit":null,"width":0,"height":0,"margin":[0,-25.18036029713553,0,25.18036029713553],"alignment":[0.5,0.5],"outlineColor":[0,0,0,1],"outlineThickness":0,"shadowColor":[0,0,0,1],"shadowOffset":[0,0],"rect":[0,0,1,1],"materialAsset":null,"autoWidth":true,"autoHeight":true,"fitMode":"stretch","useInput":true,"batchGroupId":null,"mask":false,"layers":[4],"enableMarkup":false}}},"bd9bcf48-4851-4128-81c0-acf5b3ac107b":{"name":"Image","tags":[],"enabled":true,"resource_id":"bd9bcf48-4851-4128-81c0-acf5b3ac107b","parent":"45039163-7108-42d5-a239-68f87622509a","children":[],"position":[0,26.249638577528778,0],"rotation":[0,0,0],"scale":[1,1,1],"components":{"element":{"enabled":true,"type":"image","anchor":[0.5,0.5,0.5,0.5],"pivot":[0.5,0.5],"text":"","key":null,"fontAsset":58831988,"fontSize":32,"minFontSize":8,"maxFontSize":32,"autoFitWidth":false,"autoFitHeight":false,"maxLines":null,"lineHeight":32,"wrapLines":true,"spacing":1,"color":[1,1,1],"opacity":1,"textureAsset":174376592,"spriteAsset":null,"spriteFrame":0,"pixelsPerUnit":null,"width":35,"height":35,"margin":[-17.5,8.749638577528778,-17.5,-43.74963857752878],"alignment":[0.5,0.5],"outlineColor":[0,0,0,1],"outlineThickness":0,"shadowColor":[0,0,0,1],"shadowOffset":[0,0],"rect":[0,0,1,1],"materialAsset":null,"autoWidth":false,"autoHeight":false,"fitMode":"stretch","useInput":false,"batchGroupId":null,"mask":false,"layers":[4],"enableMarkup":false},"script":{"enabled":true,"order":["tweenRotation"],"scripts":{"tweenRotation":{"enabled":true,"attributes":{"RotationSpeed":400}}}}}},"7a27f6b7-3886-4d6a-962e-46b09d95b0c2":{"name":"SoundCloud","tags":[],"enabled":false,"resource_id":"7a27f6b7-3886-4d6a-962e-46b09d95b0c2","parent":"841f7613-d6b2-4c3a-a5e1-2152cf3dffbb","children":[],"position":[0,0,0],"rotation":[0,0,0],"scale":[1,1,1],"components":{"script":{"enabled":true,"order":["soundCloud","soundCloudScript"],"scripts":{"soundCloud":{"enabled":true,"attributes":{"css":174758314,"html":174762464}},"soundCloudScript":{"enabled":true,"attributes":{}}}}}},"1f795050-f611-44f6-8248-672543d33c16":{"name":"Spotify","tags":[],"enabled":true,"resource_id":"1f795050-f611-44f6-8248-672543d33c16","parent":"841f7613-d6b2-4c3a-a5e1-2152cf3dffbb","children":[],"position":[0,0,0],"rotation":[0,0,0],"scale":[1,1,1],"components":{"script":{"enabled":true,"order":["spotifyAPI","spotifyScript","spotifyInit"],"scripts":{"spotifyScript":{"enabled":true,"attributes":{}},"spotifyInit":{"enabled":true,"attributes":{"css":174960695,"html":174960637,"searchToolHtml":174970317}},"spotifyAPI":{"enabled":true,"attributes":{}}}}}},"ef47e32e-0e1a-4deb-b677-33a0811d59a9":{"name":"ControlInfo","tags":[],"enabled":true,"resource_id":"ef47e32e-0e1a-4deb-b677-33a0811d59a9","parent":"841f7613-d6b2-4c3a-a5e1-2152cf3dffbb","children":[],"position":[0,0,0],"rotation":[0,0,0],"scale":[1,1,1],"components":{"script":{"enabled":true,"order":["controlInfo"],"scripts":{"controlInfo":{"enabled":true,"attributes":{"css":176930104,"html":176930094,"svg":176930174}}}}}},"7eca1e49-e2a3-4835-9f92-4af59595aac4":{"name":"PlayerMe","tags":[],"enabled":true,"resource_id":"7eca1e49-e2a3-4835-9f92-4af59595aac4","parent":"841f7613-d6b2-4c3a-a5e1-2152cf3dffbb","children":[],"position":[0,0,0],"rotation":[0,0,0],"scale":[1,1,1],"components":{"script":{"enabled":true,"order":["playerMebutton"],"scripts":{"playerMebutton":{"enabled":true,"attributes":{"css":176945976,"html":176945874}}}}}},"1b79ceda-8c20-4fd6-abb3-829e4f8f7f73":{"enabled":true,"tags":["userSkin"],"children":["c84c36d7-1ca9-4550-8f41-fe48e9343651","395cf0f7-9b89-4175-89fc-863a275baedb"],"position":[0,0,0],"rotation":[90,0,180],"scale":[1,1,1],"resource_id":"1b79ceda-8c20-4fd6-abb3-829e4f8f7f73","name":"PlayerModel","components":{"anim":{"stateGraphAsset":180022086,"animationAssets":{"Base:Idle":{"asset":180022625},"Base:Forward":{"asset":180021885},"Base:StrafeLeft":{"asset":180022608},"Base:StrafeRight":{"asset":180022605},"Base:ForwardLeftDiag":{"asset":180021864},"Base:ForwardRightDiag":{"asset":180021870},"Base:Walkback":{"asset":180022089},"Base:BackwardLeftDiag":{"asset":180021880},"Base:BackwardRightDiag":{"asset":180021882},"Base:jump":{"asset":180220829}},"enabled":true,"speed":1,"activate":true,"playing":false,"rootBone":"1b79ceda-8c20-4fd6-abb3-829e4f8f7f73","masks":{},"normalizeWeights":false},"collision":{"enabled":true,"type":"capsule","halfExtents":[0.545,1.912,0.5],"radius":0.55,"axis":1,"height":1.99,"convexHull":false,"asset":null,"renderAsset":null,"linearOffset":[0,1,0],"angularOffset":[0,0,0]},"rigidbody":{"enabled":true,"type":"kinematic","mass":1,"linearDamping":0,"angularDamping":0,"linearFactor":[1,1,1],"angularFactor":[1,1,1],"friction":0.5,"restitution":0.5}},"parent":"671a0d70-0df3-4744-8e38-65b803bbafda","template_ent_ids":{"1b79ceda-8c20-4fd6-abb3-829e4f8f7f73":"6f7d445d-1d8d-413c-a6df-0688daa460e2","c84c36d7-1ca9-4550-8f41-fe48e9343651":"86fa67d5-fdb4-4422-9008-025dbba1a338","6f1ea972-013e-44b8-bcf4-59c6e7e10ceb":"c4340bb6-ce2c-4b79-8613-9d001e3b67b7","9085a237-e333-43c1-a6f8-6637ffbeb47b":"f7255f26-ad34-4bbd-9b42-0a00acae7595","362a54a1-9cbf-4c65-b282-3bc9f7a0290a":"2f613203-8d45-4029-bc1c-e6dd07d5ffd1","0acba520-b488-45ab-aaf6-5c089dc17afa":"91edb853-0a90-460c-9559-f9b0e5bb61d2","fdd4a568-0abc-4bca-bb01-3a98a6d9d34d":"b65ee0dd-b32f-466d-87af-400db5719cb1","a8f5dcc1-0dfb-4d27-96a7-f6cb40de4a6c":"6c53f915-f2e0-4335-bab2-0d534272f453","f8ca2263-f254-421c-ac09-7ceae2482354":"e1dfb976-0d47-4e63-9eea-b2b1a7784159","729b208c-8b41-40ef-b934-64af82f18a72":"d6f38621-e751-4b79-8999-b83c65223112","eeb46e00-005f-45af-9287-012b3a10ef91":"3bf848ba-456d-4c05-92f5-2732dd5cb03e","701f563e-3ea6-4d8e-8a8f-82464a0e99b1":"a973eecc-ae94-4f29-9af1-8885f57a7e09","c1b03d5c-a82e-48a8-b24e-cf43898d6392":"672c8b18-d9d4-4c76-9bfe-7cbbaeee2323","d02b2e82-da97-4ce6-a3ef-9599b9d50799":"0b3fabc2-7afc-4c16-b5c0-224b38cfa13d","1244294f-40b9-41b8-9908-980c3ad56639":"6d434150-1348-48db-92bc-9aba13e28506","d19ef67d-dc6d-43a1-a94b-215ffd81ca8e":"f8d04f94-09eb-4119-9cc0-a95e2c65f2c5","8e46815c-e62f-44fa-996c-60350779e95d":"e8ab4fdf-3605-4783-9b32-913b7ce41326","cee9047f-d497-4401-b134-64f70a372728":"7d04b209-6f0f-46d3-94b4-e96af1037dfa","875551f0-95bf-4c63-9e5d-69602d975e14":"cffb4917-e2e3-431f-ac52-d5c88cf89887","3e0fba3b-c887-47bf-9d1d-4374993e8a01":"887a2e23-3404-4947-9734-9241030fdf94","f84f2242-326d-4fe2-af04-00de94b72dbd":"509c738c-8689-4f3a-b393-c33b91f7772d","4e93869b-5d7f-4539-81c3-484bf740268e":"fafe4c0b-1822-423f-8acf-208ae6f0c635","7d4c7dbe-9cba-4b38-9a7d-07a1432b6c25":"f8be022e-29b3-4e5a-b06b-abe7db6f34cc","dc912194-185d-4c47-958e-6210dfef1d65":"59c9def1-366c-4b69-8991-12bdbd28f89b","c83eaa5e-1340-4333-86f2-9b0447505fae":"557bf56f-db74-476f-82c9-b2ed2575268f","86c5aa46-497d-4b9a-b909-57e3d8270721":"5ce7b01f-7d0e-4f88-b418-206d7260774a","df59b0e3-f3a5-4cd1-a3c3-d6083d01893a":"1c425406-908c-459a-9661-bbdaf065ec5a","d05bdb6d-96b5-4b93-b708-51dd066291a6":"e782e339-6ff8-4a15-bb3f-1d449f2b0cf7","2bcb453b-1489-4075-b4d4-b59d340d468b":"884e90af-5920-4bea-a10a-5fba9917fa6f","959390c5-6b35-48b2-bd51-64e4f3deb05f":"28e1e099-2c7a-4e70-a297-300802ff3933","ed6fe7fa-b702-48dc-85aa-d792fa0dc0bc":"1affdc1a-ab66-4d84-8316-5a1d4bcdb2e9","0f9ac961-7d9f-4d8f-8042-a973d2d2d19f":"d4e5ae8a-c401-4fd3-87b4-cf664adaf8a3","be219549-3e10-4b58-8def-fc26f6f48942":"3ac9b2ea-01cc-454a-89f0-6e7ed33182d3","f48012dc-4480-4a92-9f6c-84553d7f0738":"bac9f9ce-c0ee-4253-b2f9-af089cbbaf2d","9c29bc02-f377-4a30-8827-b327dcd5676b":"ea1e8566-39aa-42c9-9eef-39129ed73da9","df7a0fbd-ae2f-4bd8-b98d-140bfd152655":"32b45b7d-8572-4bd8-ac0c-fe72531ebe27","3e10e36d-0762-403d-9eea-6a919a7bc24a":"b9845781-9522-49da-bee7-7320ce6f71f7","c321d58e-4104-4e09-8f36-ad2990ba427e":"4c7d7d9c-4b37-4b2d-8e47-3c9dd5832afd","8b6a5dd8-021e-478a-a001-e56129ab59a4":"62e0573b-ae18-45f4-ac1b-ac1bc20b4506","7b11da70-c8b4-47ec-a2b8-ea22a3760bcf":"73eb9434-a7fa-4472-904c-a1499dc4411b","e5af510e-a99a-49dd-a2e0-5b106e1e0c2b":"8ca03c5a-7107-400f-b35a-3cf7c36e23a7","5e4abb6c-c3ef-400d-82ce-9fb84f2aca0a":"6a1021c2-8448-4dea-9b7a-233931761892","d393992d-b78a-4e23-8f16-c285556cc2c3":"e5f8e4f9-a0d8-46b4-b456-e4ab726cbde4","d09ec3e1-1010-4491-969e-3c7a969e2b62":"407d8913-966f-48d5-ab08-0e6444a1ae9e","2cafc85f-f081-4c45-ac10-18bb13d8f316":"a174fed6-7ba4-4855-bf9c-2e87bcdc622d","819893b7-a11c-4d0a-b637-fc61d346ba76":"6ed4382d-08a1-4f95-b526-5d4eb1ca7280","febe6212-dfd5-4dd5-90e1-0416fabc57e6":"6bdfcd99-b99b-4147-a362-4fa94fbf7541","f5ab5cfc-b58f-423f-9e5b-48d294429982":"758ededc-9844-44e1-8931-171bc872802e","2b3f8c54-9263-4d30-b4e5-9b807006769c":"89c14d2d-1905-4a63-a543-0b11a51cfa63","4366e678-cbda-4f6a-8a1d-7452e624bac2":"4e97ccca-565e-4e78-baa9-c9b6fe9de8ee","03b6ad53-00b2-4eeb-ac10-f73cd8df661d":"636914d8-1ea5-4a31-a624-78024b787e29","bba1b530-90e8-4b78-a373-c56db643ff00":"e3fac7b4-9c5b-4e26-a7d6-37c0fc6d02ce","46be979a-2137-4149-a529-979a0597c768":"99fc6cfc-5f88-4eac-8c60-7de99fee1afd","7e647b96-7f35-45fb-812b-d8a2d776a9f9":"19d1b4d5-0f4b-4dab-9949-2c101a6a9826","424a3b43-a808-46c1-afab-48f61cf501f2":"efeb3c0f-1d88-4e11-b90c-7129052381a1","38cf31da-5538-401c-bafa-fa45a676b97d":"76487009-62d9-4eb1-95d4-b5c229c60c07","0e09228d-2833-489e-b26c-151e695b142d":"b206f5ba-0e53-4dde-8e45-89322a103cf6","994cf210-1451-44df-8ee7-7ccd8bd78bf3":"1bae3c42-3c38-4aa8-a0ca-8e73a8d08774","98a46ae6-a9c1-4173-9807-838f5ddfa65b":"a2487488-d90b-422e-aff8-c0b1fdb03b46","6ddbc6a0-dc2c-4735-88cc-7bd4570406c8":"9fdf53a8-bb9f-41e2-9fdc-8ba905e84683","400be0c4-d955-42cd-b194-360a6b320783":"c0bb0adc-e8ca-4517-bb54-8cba4b8b75cb","1d89dd9f-9c70-4eb3-9bdd-03899123462e":"cc12a914-f9a6-44d9-8bd9-0b48187a36ba","e36c8324-bff1-4962-93e2-37700a95acd1":"e27b2b89-bc5a-404e-a2b5-a89570568154","3121a010-0c91-4e82-8e25-842873f9ed7f":"9c6a633a-27f1-4d7b-9250-5f6bf849ae88","ec114c1f-2662-4727-abb8-25e932093440":"5d0c39ad-b668-4b67-9da9-6b88f82a189e","77a87415-b8dd-4bf5-9942-9d0c7afac65f":"62cc0623-a4e3-4b80-a971-ca47f981692a","ed4b938a-1330-4f26-8d5b-385ea0e54007":"5aeba1e9-13fd-4890-a27c-06fa077b60f0","920e00fb-5690-46db-97ee-caab7a48dbe1":"77969cd2-97cd-435a-bfae-5921b1d51cd3","395cf0f7-9b89-4175-89fc-863a275baedb":"f437781d-ef04-4dc0-94ee-9179568f53bb"},"template_id":179999410},"c84c36d7-1ca9-4550-8f41-fe48e9343651":{"enabled":true,"tags":[],"children":["6f1ea972-013e-44b8-bcf4-59c6e7e10ceb","98a46ae6-a9c1-4173-9807-838f5ddfa65b","3121a010-0c91-4e82-8e25-842873f9ed7f"],"position":[8.76787e-13,1.01919,0.0100306],"rotation":[1.85995,-0.0030053,-0.0000972665],"scale":[1,1,1],"resource_id":"c84c36d7-1ca9-4550-8f41-fe48e9343651","name":"Hips","components":{},"parent":"1b79ceda-8c20-4fd6-abb3-829e4f8f7f73"},"6f1ea972-013e-44b8-bcf4-59c6e7e10ceb":{"enabled":true,"tags":[],"children":["9085a237-e333-43c1-a6f8-6637ffbeb47b"],"position":[1.3689e-12,0.0984731,1.30385e-8],"rotation":[-7.87792,0.00301785,0.00000103768],"scale":[1,1,1],"resource_id":"6f1ea972-013e-44b8-bcf4-59c6e7e10ceb","name":"Spine","components":{},"parent":"c84c36d7-1ca9-4550-8f41-fe48e9343651"},"9085a237-e333-43c1-a6f8-6637ffbeb47b":{"enabled":true,"tags":[],"children":["362a54a1-9cbf-4c65-b282-3bc9f7a0290a"],"position":[2.35083e-13,0.130497,3.5041e-8],"rotation":[-3.68748,0.00000849427,0.0000110678],"scale":[1,1,1],"resource_id":"9085a237-e333-43c1-a6f8-6637ffbeb47b","name":"Spine1","components":{},"parent":"6f1ea972-013e-44b8-bcf4-59c6e7e10ceb"},"362a54a1-9cbf-4c65-b282-3bc9f7a0290a":{"enabled":true,"tags":[],"children":["0acba520-b488-45ab-aaf6-5c089dc17afa","eeb46e00-005f-45af-9287-012b3a10ef91","9c29bc02-f377-4a30-8827-b327dcd5676b"],"position":[4.39648e-13,0.121806,-3.53903e-8],"rotation":[5.41088,-0.0000310003,0.0000118418],"scale":[1,1,1],"resource_id":"362a54a1-9cbf-4c65-b282-3bc9f7a0290a","name":"Spine2","components":{},"parent":"9085a237-e333-43c1-a6f8-6637ffbeb47b"},"0acba520-b488-45ab-aaf6-5c089dc17afa":{"enabled":true,"tags":[],"children":["fdd4a568-0abc-4bca-bb01-3a98a6d9d34d"],"position":[4.54747e-13,0.155575,-3.35276e-8],"rotation":[23.4329,0.00000514493,0.0000139108],"scale":[1,1,1],"resource_id":"0acba520-b488-45ab-aaf6-5c089dc17afa","name":"Neck","components":{},"parent":"362a54a1-9cbf-4c65-b282-3bc9f7a0290a"},"fdd4a568-0abc-4bca-bb01-3a98a6d9d34d":{"enabled":true,"tags":[],"children":["a8f5dcc1-0dfb-4d27-96a7-f6cb40de4a6c","f8ca2263-f254-421c-ac09-7ceae2482354","729b208c-8b41-40ef-b934-64af82f18a72"],"position":[-2.29008e-12,0.122638,3.25959e-9],"rotation":[-18.7245,-0.0000427555,-0.0000374519],"scale":[1,1,1],"resource_id":"fdd4a568-0abc-4bca-bb01-3a98a6d9d34d","name":"Head","components":{},"parent":"0acba520-b488-45ab-aaf6-5c089dc17afa"},"a8f5dcc1-0dfb-4d27-96a7-f6cb40de4a6c":{"enabled":true,"tags":[],"children":[],"position":[1.41319e-8,0.226345,0.0373225],"rotation":[-0.413887,0.0000336848,0.000034238],"scale":[1,1,1],"resource_id":"a8f5dcc1-0dfb-4d27-96a7-f6cb40de4a6c","name":"HeadTop_End","components":{},"parent":"fdd4a568-0abc-4bca-bb01-3a98a6d9d34d"},"f8ca2263-f254-421c-ac09-7ceae2482354":{"enabled":true,"tags":[],"children":[],"position":[0.0303527,0.0878396,0.0824062],"rotation":[-0.413795,0.00000820774,0.00000682281],"scale":[1,1,1],"resource_id":"f8ca2263-f254-421c-ac09-7ceae2482354","name":"LeftEye","components":{},"parent":"fdd4a568-0abc-4bca-bb01-3a98a6d9d34d"},"729b208c-8b41-40ef-b934-64af82f18a72":{"enabled":true,"tags":[],"children":[],"position":[-0.0298823,0.087791,0.0824066],"rotation":[-0.413796,0.00000820774,0.00000682281],"scale":[1,1,1],"resource_id":"729b208c-8b41-40ef-b934-64af82f18a72","name":"RightEye","components":{},"parent":"fdd4a568-0abc-4bca-bb01-3a98a6d9d34d"},"eeb46e00-005f-45af-9287-012b3a10ef91":{"enabled":true,"tags":[],"children":["701f563e-3ea6-4d8e-8a8f-82464a0e99b1"],"position":[0.0471356,0.141148,-0.00625512],"rotation":[-38.258,89.2052,-130.534],"scale":[1,1,1],"resource_id":"eeb46e00-005f-45af-9287-012b3a10ef91","name":"LeftShoulder","components":{},"parent":"362a54a1-9cbf-4c65-b282-3bc9f7a0290a"},"701f563e-3ea6-4d8e-8a8f-82464a0e99b1":{"enabled":true,"tags":[],"children":["c1b03d5c-a82e-48a8-b24e-cf43898d6392"],"position":[-3.91155e-8,0.118896,2.10712e-7],"rotation":[56.8663,7.50012,-3.59095],"scale":[1,1,1],"resource_id":"701f563e-3ea6-4d8e-8a8f-82464a0e99b1","name":"LeftArm","components":{},"parent":"eeb46e00-005f-45af-9287-012b3a10ef91"},"c1b03d5c-a82e-48a8-b24e-cf43898d6392":{"enabled":true,"tags":[],"children":["d02b2e82-da97-4ce6-a3ef-9599b9d50799"],"position":[2.6077e-8,0.285129,6.60075e-8],"rotation":[-4.96976,3.85612,25.3462],"scale":[1,1,1],"resource_id":"c1b03d5c-a82e-48a8-b24e-cf43898d6392","name":"LeftForeArm","components":{},"parent":"701f563e-3ea6-4d8e-8a8f-82464a0e99b1"},"d02b2e82-da97-4ce6-a3ef-9599b9d50799":{"enabled":true,"tags":[],"children":["1244294f-40b9-41b8-9908-980c3ad56639","875551f0-95bf-4c63-9e5d-69602d975e14","7d4c7dbe-9cba-4b38-9a7d-07a1432b6c25","df59b0e3-f3a5-4cd1-a3c3-d6083d01893a","ed6fe7fa-b702-48dc-85aa-d792fa0dc0bc"],"position":[1.43424e-7,0.251972,-1.75078e-7],"rotation":[5.22813,4.53076,-1.91897],"scale":[1,1,1],"resource_id":"d02b2e82-da97-4ce6-a3ef-9599b9d50799","name":"LeftHand","components":{},"parent":"c1b03d5c-a82e-48a8-b24e-cf43898d6392"},"1244294f-40b9-41b8-9908-980c3ad56639":{"enabled":true,"tags":[],"children":["d19ef67d-dc6d-43a1-a94b-215ffd81ca8e"],"position":[-0.032356,0.0263517,0.00517281],"rotation":[17.2118,-9.04329,48.4104],"scale":[1,1,1],"resource_id":"1244294f-40b9-41b8-9908-980c3ad56639","name":"LeftHandThumb1","components":{},"parent":"d02b2e82-da97-4ce6-a3ef-9599b9d50799"},"d19ef67d-dc6d-43a1-a94b-215ffd81ca8e":{"enabled":true,"tags":[],"children":["8e46815c-e62f-44fa-996c-60350779e95d"],"position":[1.00583e-7,0.0413826,9.68575e-8],"rotation":[7.78608,-6.78122,-29.5188],"scale":[1,1,1],"resource_id":"d19ef67d-dc6d-43a1-a94b-215ffd81ca8e","name":"LeftHandThumb2","components":{},"parent":"1244294f-40b9-41b8-9908-980c3ad56639"},"8e46815c-e62f-44fa-996c-60350779e95d":{"enabled":true,"tags":[],"children":["cee9047f-d497-4401-b134-64f70a372728"],"position":[7.45058e-9,0.0304867,-2.23517e-8],"rotation":[1.35602,-2.7371,-9.76432],"scale":[1,1,1],"resource_id":"8e46815c-e62f-44fa-996c-60350779e95d","name":"LeftHandThumb3","components":{},"parent":"d19ef67d-dc6d-43a1-a94b-215ffd81ca8e"},"cee9047f-d497-4401-b134-64f70a372728":{"enabled":true,"tags":[],"children":[],"position":[1.49012e-8,0.0352851,-8.19564e-8],"rotation":[1.45122,6.01546,-0.718951],"scale":[1,1,1],"resource_id":"cee9047f-d497-4401-b134-64f70a372728","name":"LeftHandThumb4","components":{},"parent":"8e46815c-e62f-44fa-996c-60350779e95d"},"875551f0-95bf-4c63-9e5d-69602d975e14":{"enabled":true,"tags":[],"children":["3e0fba3b-c887-47bf-9d1d-4374993e8a01"],"position":[-0.0353466,0.0974537,-0.00695229],"rotation":[10.0115,-6.60671,7.61501],"scale":[1,1,1],"resource_id":"875551f0-95bf-4c63-9e5d-69602d975e14","name":"LeftHandIndex1","components":{},"parent":"d02b2e82-da97-4ce6-a3ef-9599b9d50799"},"3e0fba3b-c887-47bf-9d1d-4374993e8a01":{"enabled":true,"tags":[],"children":["f84f2242-326d-4fe2-af04-00de94b72dbd"],"position":[6.70552e-8,0.0446786,-1.02445e-7],"rotation":[10.8748,-0.940373,2.86376],"scale":[1,1,1],"resource_id":"3e0fba3b-c887-47bf-9d1d-4374993e8a01","name":"LeftHandIndex2","components":{},"parent":"875551f0-95bf-4c63-9e5d-69602d975e14"},"f84f2242-326d-4fe2-af04-00de94b72dbd":{"enabled":true,"tags":[],"children":["4e93869b-5d7f-4539-81c3-484bf740268e"],"position":[9.68575e-8,0.0283456,1.30385e-7],"rotation":[9.95223,-8.46108,-3.19156],"scale":[1,1,1],"resource_id":"f84f2242-326d-4fe2-af04-00de94b72dbd","name":"LeftHandIndex3","components":{},"parent":"3e0fba3b-c887-47bf-9d1d-4374993e8a01"},"4e93869b-5d7f-4539-81c3-484bf740268e":{"enabled":true,"tags":[],"children":[],"position":[6.33299e-8,0.0338388,1.61119e-7],"rotation":[5.11187,6.53625,-0.527402],"scale":[1,1,1],"resource_id":"4e93869b-5d7f-4539-81c3-484bf740268e","name":"LeftHandIndex4","components":{},"parent":"f84f2242-326d-4fe2-af04-00de94b72dbd"},"7d4c7dbe-9cba-4b38-9a7d-07a1432b6c25":{"enabled":true,"tags":[],"children":["dc912194-185d-4c47-958e-6210dfef1d65"],"position":[-0.00919897,0.100197,-0.0034844],"rotation":[4.35038,-7.79225,1.45143],"scale":[1,1,1],"resource_id":"7d4c7dbe-9cba-4b38-9a7d-07a1432b6c25","name":"LeftHandMiddle1","components":{},"parent":"d02b2e82-da97-4ce6-a3ef-9599b9d50799"},"dc912194-185d-4c47-958e-6210dfef1d65":{"enabled":true,"tags":[],"children":["c83eaa5e-1340-4333-86f2-9b0447505fae"],"position":[-4.47035e-8,0.045698,3.84607e-8],"rotation":[14.6016,-1.73257,4.75778],"scale":[1,1,1],"resource_id":"dc912194-185d-4c47-958e-6210dfef1d65","name":"LeftHandMiddle2","components":{},"parent":"7d4c7dbe-9cba-4b38-9a7d-07a1432b6c25"},"c83eaa5e-1340-4333-86f2-9b0447505fae":{"enabled":true,"tags":[],"children":["86c5aa46-497d-4b9a-b909-57e3d8270721"],"position":[-5.96046e-8,0.0354073,2.37487e-7],"rotation":[23.3881,-1.52529,-5.41906],"scale":[1,1,1],"resource_id":"c83eaa5e-1340-4333-86f2-9b0447505fae","name":"LeftHandMiddle3","components":{},"parent":"dc912194-185d-4c47-958e-6210dfef1d65"},"86c5aa46-497d-4b9a-b909-57e3d8270721":{"enabled":true,"tags":[],"children":[],"position":[-6.33299e-8,0.0345624,-8.75443e-8],"rotation":[2.72694,2.57756,-0.127483],"scale":[1,1,1],"resource_id":"86c5aa46-497d-4b9a-b909-57e3d8270721","name":"LeftHandMiddle4","components":{},"parent":"c83eaa5e-1340-4333-86f2-9b0447505fae"},"df59b0e3-f3a5-4cd1-a3c3-d6083d01893a":{"enabled":true,"tags":[],"children":["d05bdb6d-96b5-4b93-b708-51dd066291a6"],"position":[0.0154218,0.095604,0.00223002],"rotation":[7.73518,-5.84575,-7.06637],"scale":[1,1,1],"resource_id":"df59b0e3-f3a5-4cd1-a3c3-d6083d01893a","name":"LeftHandRing1","components":{},"parent":"d02b2e82-da97-4ce6-a3ef-9599b9d50799"},"d05bdb6d-96b5-4b93-b708-51dd066291a6":{"enabled":true,"tags":[],"children":["2bcb453b-1489-4075-b4d4-b59d340d468b"],"position":[4.47035e-8,0.0418996,4.76139e-8],"rotation":[21.3733,-2.80093,4.82235],"scale":[1,1,1],"resource_id":"d05bdb6d-96b5-4b93-b708-51dd066291a6","name":"LeftHandRing2","components":{},"parent":"df59b0e3-f3a5-4cd1-a3c3-d6083d01893a"},"2bcb453b-1489-4075-b4d4-b59d340d468b":{"enabled":true,"tags":[],"children":["959390c5-6b35-48b2-bd51-64e4f3deb05f"],"position":[3.35276e-8,0.0361632,-1.82074e-7],"rotation":[4.47567,-0.671337,0.191211],"scale":[1,1,1],"resource_id":"2bcb453b-1489-4075-b4d4-b59d340d468b","name":"LeftHandRing3","components":{},"parent":"d05bdb6d-96b5-4b93-b708-51dd066291a6"},"959390c5-6b35-48b2-bd51-64e4f3deb05f":{"enabled":true,"tags":[],"children":[],"position":[-3.72529e-9,0.0298131,-3.77186e-8],"rotation":[0.74449,-0.80715,2.52945],"scale":[1,1,1],"resource_id":"959390c5-6b35-48b2-bd51-64e4f3deb05f","name":"LeftHandRing4","components":{},"parent":"2bcb453b-1489-4075-b4d4-b59d340d468b"},"ed6fe7fa-b702-48dc-85aa-d792fa0dc0bc":{"enabled":true,"tags":[],"children":["0f9ac961-7d9f-4d8f-8042-a973d2d2d19f"],"position":[0.0391315,0.0898132,0.0105444],"rotation":[12.5632,-6.22814,-18.6844],"scale":[1,1,1],"resource_id":"ed6fe7fa-b702-48dc-85aa-d792fa0dc0bc","name":"LeftHandPinky1","components":{},"parent":"d02b2e82-da97-4ce6-a3ef-9599b9d50799"},"0f9ac961-7d9f-4d8f-8042-a973d2d2d19f":{"enabled":true,"tags":[],"children":["be219549-3e10-4b58-8def-fc26f6f48942"],"position":[1.6531e-8,0.0281524,-4.89963e-8],"rotation":[13.4071,-25.0029,4.04541],"scale":[1,1,1],"resource_id":"0f9ac961-7d9f-4d8f-8042-a973d2d2d19f","name":"LeftHandPinky2","components":{},"parent":"ed6fe7fa-b702-48dc-85aa-d792fa0dc0bc"},"be219549-3e10-4b58-8def-fc26f6f48942":{"enabled":true,"tags":[],"children":["f48012dc-4480-4a92-9f6c-84553d7f0738"],"position":[-5.58794e-9,0.0223761,3.81842e-8],"rotation":[14.0824,-1.52807,1.21517],"scale":[1,1,1],"resource_id":"be219549-3e10-4b58-8def-fc26f6f48942","name":"LeftHandPinky3","components":{},"parent":"0f9ac961-7d9f-4d8f-8042-a973d2d2d19f"},"f48012dc-4480-4a92-9f6c-84553d7f0738":{"enabled":true,"tags":[],"children":[],"position":[-4.47035e-8,0.0263242,-1.51806e-7],"rotation":[15.911,12.0819,0.254061],"scale":[1,1,1],"resource_id":"f48012dc-4480-4a92-9f6c-84553d7f0738","name":"LeftHandPinky4","components":{},"parent":"be219549-3e10-4b58-8def-fc26f6f48942"},"9c29bc02-f377-4a30-8827-b327dcd5676b":{"enabled":true,"tags":[],"children":["df7a0fbd-ae2f-4bd8-b98d-140bfd152655"],"position":[-0.0471355,0.141148,-0.00625513],"rotation":[-38.2549,-89.2052,130.53],"scale":[1,1,1],"resource_id":"9c29bc02-f377-4a30-8827-b327dcd5676b","name":"RightShoulder","components":{},"parent":"362a54a1-9cbf-4c65-b282-3bc9f7a0290a"},"df7a0fbd-ae2f-4bd8-b98d-140bfd152655":{"enabled":true,"tags":[],"children":["3e10e36d-0762-403d-9eea-6a919a7bc24a"],"position":[5.82077e-9,0.118896,-2.6729e-7],"rotation":[56.8661,-7.50029,3.5909],"scale":[1,1,1],"resource_id":"df7a0fbd-ae2f-4bd8-b98d-140bfd152655","name":"RightArm","components":{},"parent":"9c29bc02-f377-4a30-8827-b327dcd5676b"},"3e10e36d-0762-403d-9eea-6a919a7bc24a":{"enabled":true,"tags":[],"children":["c321d58e-4104-4e09-8f36-ad2990ba427e"],"position":[-5.96046e-8,0.285128,-3.41097e-8],"rotation":[-4.96971,-3.85588,-25.3462],"scale":[1,1,1],"resource_id":"3e10e36d-0762-403d-9eea-6a919a7bc24a","name":"RightForeArm","components":{},"parent":"df7a0fbd-ae2f-4bd8-b98d-140bfd152655"},"c321d58e-4104-4e09-8f36-ad2990ba427e":{"enabled":true,"tags":[],"children":["8b6a5dd8-021e-478a-a001-e56129ab59a4","d393992d-b78a-4e23-8f16-c285556cc2c3","febe6212-dfd5-4dd5-90e1-0416fabc57e6","03b6ad53-00b2-4eeb-ac10-f73cd8df661d","424a3b43-a808-46c1-afab-48f61cf501f2"],"position":[-4.47035e-8,0.251972,1.95016e-7],"rotation":[5.22844,-4.53038,1.91898],"scale":[1,1,1],"resource_id":"c321d58e-4104-4e09-8f36-ad2990ba427e","name":"RightHand","components":{},"parent":"3e10e36d-0762-403d-9eea-6a919a7bc24a"},"8b6a5dd8-021e-478a-a001-e56129ab59a4":{"enabled":true,"tags":[],"children":["7b11da70-c8b4-47ec-a2b8-ea22a3760bcf"],"position":[0.0323559,0.0263521,0.00517314],"rotation":[17.212,9.04264,-48.4103],"scale":[1,1,1],"resource_id":"8b6a5dd8-021e-478a-a001-e56129ab59a4","name":"RightHandThumb1","components":{},"parent":"c321d58e-4104-4e09-8f36-ad2990ba427e"},"7b11da70-c8b4-47ec-a2b8-ea22a3760bcf":{"enabled":true,"tags":[],"children":["e5af510e-a99a-49dd-a2e0-5b106e1e0c2b"],"position":[1.56462e-7,0.0413824,-4.47035e-8],"rotation":[7.78525,6.77987,29.5186],"scale":[1,1,1],"resource_id":"7b11da70-c8b4-47ec-a2b8-ea22a3760bcf","name":"RightHandThumb2","components":{},"parent":"8b6a5dd8-021e-478a-a001-e56129ab59a4"},"e5af510e-a99a-49dd-a2e0-5b106e1e0c2b":{"enabled":true,"tags":[],"children":["5e4abb6c-c3ef-400d-82ce-9fb84f2aca0a"],"position":[4.47035e-8,0.0304865,1.15484e-7],"rotation":[1.35712,2.73865,9.76439],"scale":[1,1,1],"resource_id":"e5af510e-a99a-49dd-a2e0-5b106e1e0c2b","name":"RightHandThumb3","components":{},"parent":"7b11da70-c8b4-47ec-a2b8-ea22a3760bcf"},"5e4abb6c-c3ef-400d-82ce-9fb84f2aca0a":{"enabled":true,"tags":[],"children":[],"position":[5.21541e-8,0.0352847,-5.96046e-8],"rotation":[1.45185,-6.01453,0.718575],"scale":[1,1,1],"resource_id":"5e4abb6c-c3ef-400d-82ce-9fb84f2aca0a","name":"RightHandThumb4","components":{},"parent":"e5af510e-a99a-49dd-a2e0-5b106e1e0c2b"},"d393992d-b78a-4e23-8f16-c285556cc2c3":{"enabled":true,"tags":[],"children":["d09ec3e1-1010-4491-969e-3c7a969e2b62"],"position":[0.0353463,0.0974541,-0.00695211],"rotation":[10.0112,6.60621,-7.61509],"scale":[1,1,1],"resource_id":"d393992d-b78a-4e23-8f16-c285556cc2c3","name":"RightHandIndex1","components":{},"parent":"c321d58e-4104-4e09-8f36-ad2990ba427e"},"d09ec3e1-1010-4491-969e-3c7a969e2b62":{"enabled":true,"tags":[],"children":["2cafc85f-f081-4c45-ac10-18bb13d8f316"],"position":[0,0.0446787,-1.2666e-7],"rotation":[10.875,0.940548,-2.86397],"scale":[1,1,1],"resource_id":"d09ec3e1-1010-4491-969e-3c7a969e2b62","name":"RightHandIndex2","components":{},"parent":"d393992d-b78a-4e23-8f16-c285556cc2c3"},"2cafc85f-f081-4c45-ac10-18bb13d8f316":{"enabled":true,"tags":[],"children":["819893b7-a11c-4d0a-b637-fc61d346ba76"],"position":[-3.72529e-8,0.0283458,5.7742e-8],"rotation":[9.95127,8.46009,3.19152],"scale":[1,1,1],"resource_id":"2cafc85f-f081-4c45-ac10-18bb13d8f316","name":"RightHandIndex3","components":{},"parent":"d09ec3e1-1010-4491-969e-3c7a969e2b62"},"819893b7-a11c-4d0a-b637-fc61d346ba76":{"enabled":true,"tags":[],"children":[],"position":[5.21541e-8,0.0338387,5.12227e-8],"rotation":[5.11307,-6.535,0.527892],"scale":[1,1,1],"resource_id":"819893b7-a11c-4d0a-b637-fc61d346ba76","name":"RightHandIndex4","components":{},"parent":"2cafc85f-f081-4c45-ac10-18bb13d8f316"},"febe6212-dfd5-4dd5-90e1-0416fabc57e6":{"enabled":true,"tags":[],"children":["f5ab5cfc-b58f-423f-9e5b-48d294429982"],"position":[0.00919875,0.100198,-0.00348427],"rotation":[4.35005,7.79201,-1.45158],"scale":[1,1,1],"resource_id":"febe6212-dfd5-4dd5-90e1-0416fabc57e6","name":"RightHandMiddle1","components":{},"parent":"c321d58e-4104-4e09-8f36-ad2990ba427e"},"f5ab5cfc-b58f-423f-9e5b-48d294429982":{"enabled":true,"tags":[],"children":["2b3f8c54-9263-4d30-b4e5-9b807006769c"],"position":[1.56462e-7,0.0456977,-4.35393e-8],"rotation":[14.6017,1.73232,-4.75762],"scale":[1,1,1],"resource_id":"f5ab5cfc-b58f-423f-9e5b-48d294429982","name":"RightHandMiddle2","components":{},"parent":"febe6212-dfd5-4dd5-90e1-0416fabc57e6"},"2b3f8c54-9263-4d30-b4e5-9b807006769c":{"enabled":true,"tags":[],"children":["4366e678-cbda-4f6a-8a1d-7452e624bac2"],"position":[4.47035e-8,0.0354076,-1.37836e-7],"rotation":[23.3885,1.52559,5.41934],"scale":[1,1,1],"resource_id":"2b3f8c54-9263-4d30-b4e5-9b807006769c","name":"RightHandMiddle3","components":{},"parent":"f5ab5cfc-b58f-423f-9e5b-48d294429982"},"4366e678-cbda-4f6a-8a1d-7452e624bac2":{"enabled":true,"tags":[],"children":[],"position":[2.23517e-8,0.0345627,-1.30385e-8],"rotation":[2.7259,-2.57864,0.1269],"scale":[1,1,1],"resource_id":"4366e678-cbda-4f6a-8a1d-7452e624bac2","name":"RightHandMiddle4","components":{},"parent":"2b3f8c54-9263-4d30-b4e5-9b807006769c"},"03b6ad53-00b2-4eeb-ac10-f73cd8df661d":{"enabled":true,"tags":[],"children":["bba1b530-90e8-4b78-a373-c56db643ff00"],"position":[-0.015422,0.0956043,0.00222963],"rotation":[7.73467,5.84529,7.06623],"scale":[1,1,1],"resource_id":"03b6ad53-00b2-4eeb-ac10-f73cd8df661d","name":"RightHandRing1","components":{},"parent":"c321d58e-4104-4e09-8f36-ad2990ba427e"},"bba1b530-90e8-4b78-a373-c56db643ff00":{"enabled":true,"tags":[],"children":["46be979a-2137-4149-a529-979a0597c768"],"position":[-4.09782e-8,0.0419005,5.47152e-8],"rotation":[21.373,2.8005,-4.82229],"scale":[1,1,1],"resource_id":"bba1b530-90e8-4b78-a373-c56db643ff00","name":"RightHandRing2","components":{},"parent":"03b6ad53-00b2-4eeb-ac10-f73cd8df661d"},"46be979a-2137-4149-a529-979a0597c768":{"enabled":true,"tags":[],"children":["7e647b96-7f35-45fb-812b-d8a2d776a9f9"],"position":[-3.72529e-9,0.0361626,8.3819e-8],"rotation":[4.47612,0.672111,-0.191339],"scale":[1,1,1],"resource_id":"46be979a-2137-4149-a529-979a0597c768","name":"RightHandRing3","components":{},"parent":"bba1b530-90e8-4b78-a373-c56db643ff00"},"7e647b96-7f35-45fb-812b-d8a2d776a9f9":{"enabled":true,"tags":[],"children":[],"position":[5.58794e-8,0.0298128,-8.05594e-8],"rotation":[0.745326,0.808089,-2.52931],"scale":[1,1,1],"resource_id":"7e647b96-7f35-45fb-812b-d8a2d776a9f9","name":"RightHandRing4","components":{},"parent":"46be979a-2137-4149-a529-979a0597c768"},"424a3b43-a808-46c1-afab-48f61cf501f2":{"enabled":true,"tags":[],"children":["38cf31da-5538-401c-bafa-fa45a676b97d"],"position":[-0.0391318,0.0898135,0.0105436],"rotation":[12.5627,6.22777,18.6844],"scale":[1,1,1],"resource_id":"424a3b43-a808-46c1-afab-48f61cf501f2","name":"RightHandPinky1","components":{},"parent":"c321d58e-4104-4e09-8f36-ad2990ba427e"},"38cf31da-5538-401c-bafa-fa45a676b97d":{"enabled":true,"tags":[],"children":["0e09228d-2833-489e-b26c-151e695b142d"],"position":[1.90921e-8,0.0281521,2.52585e-7],"rotation":[13.407,25.0028,-4.04534],"scale":[1,1,1],"resource_id":"38cf31da-5538-401c-bafa-fa45a676b97d","name":"RightHandPinky2","components":{},"parent":"424a3b43-a808-46c1-afab-48f61cf501f2"},"0e09228d-2833-489e-b26c-151e695b142d":{"enabled":true,"tags":[],"children":["994cf210-1451-44df-8ee7-7ccd8bd78bf3"],"position":[-1.30385e-8,0.0223758,-3.39933e-7],"rotation":[14.0824,1.528,-1.21539],"scale":[1,1,1],"resource_id":"0e09228d-2833-489e-b26c-151e695b142d","name":"RightHandPinky3","components":{},"parent":"38cf31da-5538-401c-bafa-fa45a676b97d"},"994cf210-1451-44df-8ee7-7ccd8bd78bf3":{"enabled":true,"tags":[],"children":[],"position":[1.13621e-7,0.0263244,5.7742e-8],"rotation":[15.9105,-12.0824,-0.254121],"scale":[1,1,1],"resource_id":"994cf210-1451-44df-8ee7-7ccd8bd78bf3","name":"RightHandPinky4","components":{},"parent":"0e09228d-2833-489e-b26c-151e695b142d"},"98a46ae6-a9c1-4173-9807-838f5ddfa65b":{"enabled":true,"tags":[],"children":["6ddbc6a0-dc2c-4735-88cc-7bd4570406c8"],"position":[0.0953437,0.00519271,-0.0033023],"rotation":[1.10646,0.126784,-176.223],"scale":[1,1,1],"resource_id":"98a46ae6-a9c1-4173-9807-838f5ddfa65b","name":"LeftUpLeg","components":{},"parent":"c84c36d7-1ca9-4550-8f41-fe48e9343651"},"6ddbc6a0-dc2c-4735-88cc-7bd4570406c8":{"enabled":true,"tags":[],"children":["400be0c4-d955-42cd-b194-360a6b320783"],"position":[3.69655e-8,0.458174,-8.44011e-10],"rotation":[-4.77457,-0.0491649,-0.331873],"scale":[1,1,1],"resource_id":"6ddbc6a0-dc2c-4735-88cc-7bd4570406c8","name":"LeftLeg","components":{},"parent":"98a46ae6-a9c1-4173-9807-838f5ddfa65b"},"400be0c4-d955-42cd-b194-360a6b320783":{"enabled":true,"tags":[],"children":["1d89dd9f-9c70-4eb3-9bdd-03899123462e"],"position":[3.32584e-7,0.443859,-4.14584e-7],"rotation":[61.0118,1.5551,1.12368],"scale":[1,1,1],"resource_id":"400be0c4-d955-42cd-b194-360a6b320783","name":"LeftFoot","components":{},"parent":"6ddbc6a0-dc2c-4735-88cc-7bd4570406c8"},"1d89dd9f-9c70-4eb3-9bdd-03899123462e":{"enabled":true,"tags":[],"children":["e36c8324-bff1-4962-93e2-37700a95acd1"],"position":[4.1211e-7,0.148844,-1.95578e-8],"rotation":[31.1207,-5.40224,0.703237],"scale":[1,1,1],"resource_id":"1d89dd9f-9c70-4eb3-9bdd-03899123462e","name":"LeftToeBase","components":{},"parent":"400be0c4-d955-42cd-b194-360a6b320783"},"e36c8324-bff1-4962-93e2-37700a95acd1":{"enabled":true,"tags":[],"children":[],"position":[-5.50979e-7,0.0990749,5.4657e-8],"rotation":[54.8361,87.5767,55.7084],"scale":[1,1,1],"resource_id":"e36c8324-bff1-4962-93e2-37700a95acd1","name":"LeftToe_End","components":{},"parent":"1d89dd9f-9c70-4eb3-9bdd-03899123462e"},"3121a010-0c91-4e82-8e25-842873f9ed7f":{"enabled":true,"tags":[],"children":["ec114c1f-2662-4727-abb8-25e932093440"],"position":[-0.095344,0.00519307,-0.00329234],"rotation":[1.10687,-0.133016,176.223],"scale":[1,1,1],"resource_id":"3121a010-0c91-4e82-8e25-842873f9ed7f","name":"RightUpLeg","components":{},"parent":"c84c36d7-1ca9-4550-8f41-fe48e9343651"},"ec114c1f-2662-4727-abb8-25e932093440":{"enabled":true,"tags":[],"children":["77a87415-b8dd-4bf5-9942-9d0c7afac65f"],"position":[-2.55095e-8,0.458175,7.27596e-10],"rotation":[-4.7746,0.0492705,0.331913],"scale":[1,1,1],"resource_id":"ec114c1f-2662-4727-abb8-25e932093440","name":"RightLeg","components":{},"parent":"3121a010-0c91-4e82-8e25-842873f9ed7f"},"77a87415-b8dd-4bf5-9942-9d0c7afac65f":{"enabled":true,"tags":[],"children":["ed4b938a-1330-4f26-8d5b-385ea0e54007"],"position":[-7.567e-9,0.44386,1.60071e-9],"rotation":[61.0117,-1.55509,-1.12325],"scale":[1,1,1],"resource_id":"77a87415-b8dd-4bf5-9942-9d0c7afac65f","name":"RightFoot","components":{},"parent":"ec114c1f-2662-4727-abb8-25e932093440"},"ed4b938a-1330-4f26-8d5b-385ea0e54007":{"enabled":true,"tags":[],"children":["920e00fb-5690-46db-97ee-caab7a48dbe1"],"position":[-5.98375e-8,0.148844,1.17347e-7],"rotation":[31.1208,5.40181,-0.704384],"scale":[1,1,1],"resource_id":"ed4b938a-1330-4f26-8d5b-385ea0e54007","name":"RightToeBase","components":{},"parent":"77a87415-b8dd-4bf5-9942-9d0c7afac65f"},"920e00fb-5690-46db-97ee-caab7a48dbe1":{"enabled":true,"tags":[],"children":[],"position":[5.52362e-7,0.0990749,3.76021e-8],"rotation":[54.9002,-87.5786,-55.7725],"scale":[1,1,1],"resource_id":"920e00fb-5690-46db-97ee-caab7a48dbe1","name":"RightToe_End","components":{},"parent":"ed4b938a-1330-4f26-8d5b-385ea0e54007"},"395cf0f7-9b89-4175-89fc-863a275baedb":{"enabled":true,"tags":[],"children":[],"position":[0,0,0],"rotation":[0,0,0],"scale":[1,1,1],"resource_id":"395cf0f7-9b89-4175-89fc-863a275baedb","name":"Wolf3D_Avatar","components":{"render":{"enabled":true,"type":"asset","asset":179999409,"materialAssets":[179999404],"layers":[0],"batchGroupId":null,"castShadows":true,"castShadowsLightmap":true,"receiveShadows":true,"lightmapped":false,"lightmapSizeMultiplier":1,"castShadowsLightMap":true,"lightMapped":false,"lightMapSizeMultiplier":1,"isStatic":false,"rootBone":"c84c36d7-1ca9-4550-8f41-fe48e9343651"}},"parent":"1b79ceda-8c20-4fd6-abb3-829e4f8f7f73"},"bd06baa7-60af-4151-82e6-717785559b83":{"name":"Sponza","tags":[],"enabled":true,"resource_id":"bd06baa7-60af-4151-82e6-717785559b83","parent":"e951e842-82e0-11ee-9eae-baf4d5e490e2","children":["8bcc35c7-2cdf-4af4-9485-c3a6d2b14f84","dd318c3d-06a8-4837-ad4e-0334b1b64622","1ca37723-c675-4de1-b490-319fcb0858d4","f2771015-23a2-4984-95c5-9a2b4517eb08","bab15a80-dfda-41ba-8a93-410d37aaa168","c4c969b1-100d-436a-b0f4-cce3cb6f2cb9"],"position":[0,0.14,0],"rotation":[0,0,0],"scale":[3,3,3],"components":{}},"8bcc35c7-2cdf-4af4-9485-c3a6d2b14f84":{"name":"Sun","tags":[],"enabled":true,"resource_id":"8bcc35c7-2cdf-4af4-9485-c3a6d2b14f84","parent":"bd06baa7-60af-4151-82e6-717785559b83","children":[],"position":[-8.377,19.06,-7.303],"rotation":[145.85,120.05,178.05],"scale":[1,1,1],"components":{"light":{"enabled":true,"type":"directional","bake":true,"bakeArea":0,"bakeNumSamples":1,"bakeDir":true,"affectDynamic":true,"affectLightmapped":true,"affectSpecularity":true,"color":[0.9725490196078431,0.9490196078431372,0.8352941176470589],"intensity":2,"castShadows":true,"shadowUpdateMode":2,"shadowType":0,"vsmBlurMode":0,"vsmBlurSize":5,"vsmBias":0.0025,"shadowDistance":106,"shadowIntensity":1,"shadowResolution":1024,"numCascades":4,"cascadeDistribution":0.5,"shadowBias":0.05,"normalOffsetBias":0.05,"range":1024,"falloffMode":0,"innerConeAngle":54,"outerConeAngle":60,"shape":0,"cookieAsset":null,"cookieIntensity":1,"cookieFalloff":true,"cookieChannel":"rgb","cookieAngle":0,"cookieScale":[1,1],"cookieOffset":[0,0],"isStatic":false,"layers":[0]}}},"dd318c3d-06a8-4837-ad4e-0334b1b64622":{"name":"bounce","tags":[],"enabled":false,"resource_id":"dd318c3d-06a8-4837-ad4e-0334b1b64622","parent":"bd06baa7-60af-4151-82e6-717785559b83","children":[],"position":[-10.324728076277237,0.009999999776482582,-10.677],"rotation":[180,0,0],"scale":[1,1,1],"components":{"light":{"enabled":true,"type":"point","bake":false,"bakeArea":0,"bakeNumSamples":1,"bakeDir":true,"affectDynamic":true,"affectLightmapped":true,"affectSpecularity":true,"color":[1,0.9764705882352941,0.8],"intensity":0.25,"castShadows":true,"shadowUpdateMode":2,"shadowType":0,"vsmBlurMode":0,"vsmBlurSize":5,"vsmBias":0.0025,"shadowDistance":40,"shadowIntensity":1,"shadowResolution":16,"numCascades":1,"cascadeDistribution":0.5,"shadowBias":0.5,"normalOffsetBias":0.1,"range":100,"falloffMode":1,"innerConeAngle":85,"outerConeAngle":85,"shape":0,"cookieAsset":null,"cookieIntensity":1,"cookieFalloff":true,"cookieChannel":"rgb","cookieAngle":0,"cookieScale":[1,1],"cookieOffset":[0,0],"isStatic":false,"layers":[0]}}},"1ca37723-c675-4de1-b490-319fcb0858d4":{"name":"Sky","tags":[],"enabled":false,"resource_id":"1ca37723-c675-4de1-b490-319fcb0858d4","parent":"bd06baa7-60af-4151-82e6-717785559b83","children":[],"position":[-0.041,11.33,-3.672],"rotation":[0,0,0],"scale":[1,1,1],"components":{"light":{"enabled":true,"type":"directional","bake":false,"bakeArea":0,"bakeNumSamples":1,"bakeDir":true,"affectDynamic":true,"affectLightmapped":true,"affectSpecularity":true,"color":[0.6745098039215687,0.8235294117647058,1],"intensity":0.3,"castShadows":true,"shadowUpdateMode":2,"shadowType":0,"vsmBlurMode":0,"vsmBlurSize":5,"vsmBias":0.0025,"shadowDistance":40,"shadowIntensity":1,"shadowResolution":128,"numCascades":1,"cascadeDistribution":0.5,"shadowBias":0.5,"normalOffsetBias":0.2,"range":10,"falloffMode":0,"innerConeAngle":40,"outerConeAngle":45,"shape":0,"cookieAsset":null,"cookieIntensity":1,"cookieFalloff":true,"cookieChannel":"rgb","cookieAngle":0,"cookieScale":[1,1],"cookieOffset":[0,0],"isStatic":false,"layers":[0]}}},"f2771015-23a2-4984-95c5-9a2b4517eb08":{"name":"extra-corner","tags":[],"enabled":false,"resource_id":"f2771015-23a2-4984-95c5-9a2b4517eb08","parent":"bd06baa7-60af-4151-82e6-717785559b83","children":[],"position":[10.940074920654297,2.116889715194702,4.038628578186035],"rotation":[0,0,0],"scale":[1,1,1],"components":{"light":{"enabled":true,"type":"point","bake":false,"bakeArea":0,"bakeNumSamples":1,"bakeDir":true,"affectDynamic":true,"affectLightmapped":true,"affectSpecularity":true,"color":[1,0.3764705882352941,0],"intensity":0.3,"castShadows":true,"shadowUpdateMode":2,"shadowType":0,"vsmBlurMode":0,"vsmBlurSize":5,"vsmBias":0.0025,"shadowDistance":40,"shadowIntensity":1,"shadowResolution":16,"numCascades":1,"cascadeDistribution":0.5,"shadowBias":1,"normalOffsetBias":0.4,"range":6,"falloffMode":1,"innerConeAngle":40,"outerConeAngle":45,"shape":0,"cookieAsset":null,"cookieIntensity":1,"cookieFalloff":true,"cookieChannel":"rgb","cookieAngle":0,"cookieScale":[1,1],"cookieOffset":[0,0],"isStatic":false,"layers":[0]}}},"bab15a80-dfda-41ba-8a93-410d37aaa168":{"name":"Spot Light","tags":[],"enabled":false,"resource_id":"bab15a80-dfda-41ba-8a93-410d37aaa168","parent":"bd06baa7-60af-4151-82e6-717785559b83","children":[],"position":[0,11.825,-11.99],"rotation":[-59.3,-18.9,-22.8],"scale":[1,1,1],"components":{"light":{"enabled":true,"type":"spot","bake":false,"bakeArea":0,"bakeNumSamples":1,"bakeDir":true,"affectDynamic":true,"affectLightmapped":true,"affectSpecularity":true,"color":[0.6666666666666666,0.7803921568627451,0.9176470588235294],"intensity":1,"castShadows":true,"shadowUpdateMode":2,"shadowType":0,"vsmBlurMode":0,"vsmBlurSize":5,"vsmBias":0.0025,"shadowDistance":40,"shadowIntensity":1,"shadowResolution":1024,"numCascades":1,"cascadeDistribution":0.5,"shadowBias":0.05,"normalOffsetBias":0,"range":15,"falloffMode":0,"innerConeAngle":85,"outerConeAngle":85,"shape":0,"cookieAsset":null,"cookieIntensity":1,"cookieFalloff":true,"cookieChannel":"rgb","cookieAngle":0,"cookieScale":[1,1],"cookieOffset":[0,0],"isStatic":false,"layers":[0]}}},"c4c969b1-100d-436a-b0f4-cce3cb6f2cb9":{"name":"model","tags":[],"enabled":true,"resource_id":"c4c969b1-100d-436a-b0f4-cce3cb6f2cb9","parent":"bd06baa7-60af-4151-82e6-717785559b83","children":["d7c8a2ba-5eb8-4821-813e-163313e2c559","ab469700-1e3c-4767-a103-f7f98d4ed250","aae63584-eeea-482c-9bf6-4a4caff7f9fb","6c6de771-993d-49b0-88b4-5f46c23e2058","be2e4ea9-b2f5-4037-a3fc-23a859cbcf94","c947c8d1-c257-4399-9664-5feb2693d0ab","5a823419-f815-4281-9c82-88e2dc9977b8","17347ffb-74d4-4979-8b40-c5f12185cfbd","937f4556-659d-4133-9a7e-6bac38a2b70a","00dd7325-cd33-483b-8128-caa44919b804"],"position":[0,0,0],"rotation":[0,0,0],"scale":[1,1,1],"components":{}},"d7c8a2ba-5eb8-4821-813e-163313e2c559":{"name":"walls_second","tags":[],"enabled":true,"resource_id":"d7c8a2ba-5eb8-4821-813e-163313e2c559","parent":"c4c969b1-100d-436a-b0f4-cce3cb6f2cb9","children":[],"position":[0,0,0],"rotation":[0,0,0],"scale":[1,1,1],"components":{"model":{"enabled":true,"type":"asset","asset":180657719,"materialAsset":null,"castShadows":true,"castShadowsLightmap":true,"receiveShadows":true,"lightmapped":true,"lightmapSizeMultiplier":1,"castShadowsLightMap":true,"lightMapped":false,"lightMapSizeMultiplier":1,"isStatic":false,"layers":[0],"batchGroupId":null}}},"ab469700-1e3c-4767-a103-f7f98d4ed250":{"name":"walls_first_uv","tags":[],"enabled":true,"resource_id":"ab469700-1e3c-4767-a103-f7f98d4ed250","parent":"c4c969b1-100d-436a-b0f4-cce3cb6f2cb9","children":[],"position":[0,0,0],"rotation":[0,0,0],"scale":[1,1,1],"components":{"model":{"enabled":true,"type":"asset","asset":180657726,"materialAsset":null,"castShadows":true,"castShadowsLightmap":true,"receiveShadows":true,"lightmapped":true,"lightmapSizeMultiplier":2,"castShadowsLightMap":true,"lightMapped":false,"lightMapSizeMultiplier":1,"isStatic":false,"layers":[0],"batchGroupId":null}}},"aae63584-eeea-482c-9bf6-4a4caff7f9fb":{"name":"walls_ground","tags":[],"enabled":true,"resource_id":"aae63584-eeea-482c-9bf6-4a4caff7f9fb","parent":"c4c969b1-100d-436a-b0f4-cce3cb6f2cb9","children":[],"position":[0,0,0],"rotation":[0,0,0],"scale":[1,1,1],"components":{"model":{"enabled":true,"type":"asset","asset":180657770,"materialAsset":null,"castShadows":true,"castShadowsLightmap":true,"receiveShadows":true,"lightmapped":true,"lightmapSizeMultiplier":2,"castShadowsLightMap":true,"lightMapped":false,"lightMapSizeMultiplier":1,"isStatic":false,"layers":[0],"batchGroupId":null}}},"6c6de771-993d-49b0-88b4-5f46c23e2058":{"name":"vases_small","tags":[],"enabled":true,"resource_id":"6c6de771-993d-49b0-88b4-5f46c23e2058","parent":"c4c969b1-100d-436a-b0f4-cce3cb6f2cb9","children":["ed9b5cb6-3229-4286-9baa-19076ff796e5","b6f2b616-e8d7-4daf-94bd-c114debee403","7054300f-a48a-4936-8214-cc98b33fe5af","d902e03c-3293-45c7-bea9-a914608ede86","918fed7c-9421-417f-8a46-91f7fdba09be"],"position":[0,0,0],"rotation":[0,0,0],"scale":[1,1,1],"components":{}},"ed9b5cb6-3229-4286-9baa-19076ff796e5":{"name":"vase_small","tags":[],"enabled":true,"resource_id":"ed9b5cb6-3229-4286-9baa-19076ff796e5","parent":"6c6de771-993d-49b0-88b4-5f46c23e2058","children":["e6d1fa29-acb1-42e5-8257-fb6f11a0500d"],"position":[1.216,-0.024,-2.15],"rotation":[0,0,0],"scale":[1,1,1],"components":{"model":{"enabled":true,"type":"asset","asset":180657782,"materialAsset":null,"castShadows":true,"castShadowsLightmap":true,"receiveShadows":true,"lightmapped":true,"lightmapSizeMultiplier":128,"castShadowsLightMap":true,"lightMapped":false,"lightMapSizeMultiplier":1,"isStatic":false,"layers":[0],"batchGroupId":null}}},"e6d1fa29-acb1-42e5-8257-fb6f11a0500d":{"name":"vegetation_small","tags":[],"enabled":true,"resource_id":"e6d1fa29-acb1-42e5-8257-fb6f11a0500d","parent":"ed9b5cb6-3229-4286-9baa-19076ff796e5","children":[],"position":[0,0.581,0],"rotation":[0,-82.35,0],"scale":[1,1,1],"components":{"model":{"enabled":true,"type":"asset","asset":180657779,"materialAsset":null,"castShadows":true,"castShadowsLightmap":true,"receiveShadows":true,"lightmapped":true,"lightmapSizeMultiplier":1,"castShadowsLightMap":true,"lightMapped":false,"lightMapSizeMultiplier":1,"isStatic":false,"layers":[0],"batchGroupId":null}}},"b6f2b616-e8d7-4daf-94bd-c114debee403":{"name":"vase_small","tags":[],"enabled":true,"resource_id":"b6f2b616-e8d7-4daf-94bd-c114debee403","parent":"6c6de771-993d-49b0-88b4-5f46c23e2058","children":["23ed33bc-1419-48f4-ab77-6167bade4e12"],"position":[4.891,-0.024,-2.314],"rotation":[0,0,0],"scale":[1,1,1],"components":{"model":{"enabled":true,"type":"asset","asset":180657782,"materialAsset":null,"castShadows":true,"castShadowsLightmap":true,"receiveShadows":true,"lightmapped":true,"lightmapSizeMultiplier":128,"castShadowsLightMap":true,"lightMapped":false,"lightMapSizeMultiplier":1,"isStatic":false,"layers":[0],"batchGroupId":null}}},"23ed33bc-1419-48f4-ab77-6167bade4e12":{"name":"vegetation_small","tags":[],"enabled":true,"resource_id":"23ed33bc-1419-48f4-ab77-6167bade4e12","parent":"b6f2b616-e8d7-4daf-94bd-c114debee403","children":[],"position":[0,0.581,0],"rotation":[0,-80.8,0],"scale":[1,1,1],"components":{"model":{"enabled":true,"type":"asset","asset":180657779,"materialAsset":null,"castShadows":true,"castShadowsLightmap":true,"receiveShadows":true,"lightmapped":true,"lightmapSizeMultiplier":1,"castShadowsLightMap":true,"lightMapped":false,"lightMapSizeMultiplier":1,"isStatic":false,"layers":[0],"batchGroupId":null}}},"7054300f-a48a-4936-8214-cc98b33fe5af":{"name":"vase_small","tags":[],"enabled":true,"resource_id":"7054300f-a48a-4936-8214-cc98b33fe5af","parent":"6c6de771-993d-49b0-88b4-5f46c23e2058","children":["cc3f7cc2-be3a-42b4-8208-7aac8da031a3"],"position":[-6.252,-0.024,-2.18],"rotation":[0,0,0],"scale":[1,1,1],"components":{"model":{"enabled":true,"type":"asset","asset":180657782,"materialAsset":null,"castShadows":true,"castShadowsLightmap":true,"receiveShadows":true,"lightmapped":true,"lightmapSizeMultiplier":128,"castShadowsLightMap":true,"lightMapped":false,"lightMapSizeMultiplier":1,"isStatic":false,"layers":[0],"batchGroupId":null}}},"cc3f7cc2-be3a-42b4-8208-7aac8da031a3":{"name":"vegetation_small","tags":[],"enabled":true,"resource_id":"cc3f7cc2-be3a-42b4-8208-7aac8da031a3","parent":"7054300f-a48a-4936-8214-cc98b33fe5af","children":[],"position":[0,0.581,0],"rotation":[180,12.19,180],"scale":[1,1,1],"components":{"model":{"enabled":true,"type":"asset","asset":180657779,"materialAsset":null,"castShadows":true,"castShadowsLightmap":true,"receiveShadows":true,"lightmapped":true,"lightmapSizeMultiplier":1,"castShadowsLightMap":true,"lightMapped":false,"lightMapSizeMultiplier":1,"isStatic":false,"layers":[0],"batchGroupId":null}}},"d902e03c-3293-45c7-bea9-a914608ede86":{"name":"vase_small","tags":[],"enabled":true,"resource_id":"d902e03c-3293-45c7-bea9-a914608ede86","parent":"6c6de771-993d-49b0-88b4-5f46c23e2058","children":["22531370-a162-429e-8bde-6e04da2d3e4f"],"position":[4.893,-0.024,1.45],"rotation":[0,0,0],"scale":[1,1,1],"components":{"model":{"enabled":true,"type":"asset","asset":180657782,"materialAsset":null,"castShadows":true,"castShadowsLightmap":true,"receiveShadows":true,"lightmapped":true,"lightmapSizeMultiplier":128,"castShadowsLightMap":true,"lightMapped":false,"lightMapSizeMultiplier":1,"isStatic":false,"layers":[0],"batchGroupId":null}}},"22531370-a162-429e-8bde-6e04da2d3e4f":{"name":"vegetation_small","tags":[],"enabled":true,"resource_id":"22531370-a162-429e-8bde-6e04da2d3e4f","parent":"d902e03c-3293-45c7-bea9-a914608ede86","children":[],"position":[0,0.581,0],"rotation":[180,-4.02,180],"scale":[1,1,1],"components":{"model":{"enabled":true,"type":"asset","asset":180657779,"materialAsset":null,"castShadows":true,"castShadowsLightmap":true,"receiveShadows":true,"lightmapped":true,"lightmapSizeMultiplier":1,"castShadowsLightMap":true,"lightMapped":false,"lightMapSizeMultiplier":1,"isStatic":false,"layers":[0],"batchGroupId":null}}},"918fed7c-9421-417f-8a46-91f7fdba09be":{"name":"vase_small","tags":[],"enabled":true,"resource_id":"918fed7c-9421-417f-8a46-91f7fdba09be","parent":"6c6de771-993d-49b0-88b4-5f46c23e2058","children":["f702eff3-ed70-4b1b-b881-98b0ee24c10e"],"position":[-6.19,-0.024,1.45],"rotation":[0,180,0],"scale":[1,1,1],"components":{"model":{"enabled":true,"type":"asset","asset":180657782,"materialAsset":null,"castShadows":true,"castShadowsLightmap":true,"receiveShadows":true,"lightmapped":true,"lightmapSizeMultiplier":128,"castShadowsLightMap":true,"lightMapped":false,"lightMapSizeMultiplier":1,"isStatic":false,"layers":[0],"batchGroupId":null}}},"f702eff3-ed70-4b1b-b881-98b0ee24c10e":{"name":"vegetation_small","tags":[],"enabled":true,"resource_id":"f702eff3-ed70-4b1b-b881-98b0ee24c10e","parent":"918fed7c-9421-417f-8a46-91f7fdba09be","children":[],"position":[0,0.581,0],"rotation":[0,-79.75,0],"scale":[1,1,1],"components":{"model":{"enabled":true,"type":"asset","asset":180657779,"materialAsset":null,"castShadows":true,"castShadowsLightmap":true,"receiveShadows":true,"lightmapped":true,"lightmapSizeMultiplier":1,"castShadowsLightMap":true,"lightMapped":false,"lightMapSizeMultiplier":1,"isStatic":false,"layers":[0],"batchGroupId":null}}},"be2e4ea9-b2f5-4037-a3fc-23a859cbcf94":{"name":"box","tags":[],"enabled":true,"resource_id":"be2e4ea9-b2f5-4037-a3fc-23a859cbcf94","parent":"c4c969b1-100d-436a-b0f4-cce3cb6f2cb9","children":[],"position":[0,0,0],"rotation":[0,0,0],"scale":[1,1,1],"components":{"model":{"enabled":true,"type":"asset","asset":180657781,"materialAsset":null,"castShadows":true,"castShadowsLightmap":true,"receiveShadows":true,"lightmapped":true,"lightmapSizeMultiplier":1,"castShadowsLightMap":true,"lightMapped":false,"lightMapSizeMultiplier":1,"isStatic":false,"layers":[0],"batchGroupId":null}}},"c947c8d1-c257-4399-9664-5feb2693d0ab":{"name":"column_vegetation","tags":[],"enabled":true,"resource_id":"c947c8d1-c257-4399-9664-5feb2693d0ab","parent":"c4c969b1-100d-436a-b0f4-cce3cb6f2cb9","children":["05c5ffbc-fee8-49a0-9202-5fd3e223a5dd","e14829b6-8585-4941-8a1e-73839c678234","e22df504-d0e4-4b12-8815-0f0adb6d3019","5e9879a6-586c-4d14-a540-6bbf6c142ed5","49b3165c-160c-433a-9f07-68accbdeb6c5","9443362a-8a4d-4d1e-802f-e3cb799d0cb1","0f11a284-8e5d-4c09-9161-7f0ea425d5d8","97e92e9b-f02a-4b7b-b0c4-95f72836e951"],"position":[0,0,0],"rotation":[0,0,0],"scale":[1,1,1],"components":{}},"05c5ffbc-fee8-49a0-9202-5fd3e223a5dd":{"name":"vegetation_1","tags":[],"enabled":true,"resource_id":"05c5ffbc-fee8-49a0-9202-5fd3e223a5dd","parent":"c947c8d1-c257-4399-9664-5feb2693d0ab","children":[],"position":[4.912,2.06,2.032],"rotation":[0,0,0],"scale":[1,1,1],"components":{"model":{"enabled":true,"type":"asset","asset":180657769,"materialAsset":null,"castShadows":true,"castShadowsLightmap":true,"receiveShadows":true,"lightmapped":true,"lightmapSizeMultiplier":1,"castShadowsLightMap":true,"lightMapped":false,"lightMapSizeMultiplier":1,"isStatic":false,"layers":[0],"batchGroupId":null}}},"e14829b6-8585-4941-8a1e-73839c678234":{"name":"vegetation_2","tags":[],"enabled":true,"resource_id":"e14829b6-8585-4941-8a1e-73839c678234","parent":"c947c8d1-c257-4399-9664-5feb2693d0ab","children":[],"position":[1.22,1.969,-2.741],"rotation":[0,180,0],"scale":[1,1,1],"components":{"model":{"enabled":true,"type":"asset","asset":180657769,"materialAsset":null,"castShadows":true,"castShadowsLightmap":true,"receiveShadows":true,"lightmapped":true,"lightmapSizeMultiplier":1,"castShadowsLightMap":true,"lightMapped":false,"lightMapSizeMultiplier":1,"isStatic":false,"layers":[0],"batchGroupId":null}}},"e22df504-d0e4-4b12-8815-0f0adb6d3019":{"name":"vegetation_3","tags":[],"enabled":true,"resource_id":"e22df504-d0e4-4b12-8815-0f0adb6d3019","parent":"c947c8d1-c257-4399-9664-5feb2693d0ab","children":[],"position":[-2.52,2.003,-2.681],"rotation":[0,180,0],"scale":[1,1,1],"components":{"model":{"enabled":true,"type":"asset","asset":180657769,"materialAsset":null,"castShadows":true,"castShadowsLightmap":true,"receiveShadows":true,"lightmapped":true,"lightmapSizeMultiplier":1,"castShadowsLightMap":true,"lightMapped":false,"lightMapSizeMultiplier":1,"isStatic":false,"layers":[0],"batchGroupId":null}}},"5e9879a6-586c-4d14-a540-6bbf6c142ed5":{"name":"vegetation_4","tags":[],"enabled":true,"resource_id":"5e9879a6-586c-4d14-a540-6bbf6c142ed5","parent":"c947c8d1-c257-4399-9664-5feb2693d0ab","children":[],"position":[-2.398,2.032,2.002],"rotation":[0,0,0],"scale":[1,1,1],"components":{"model":{"enabled":true,"type":"asset","asset":180657769,"materialAsset":null,"castShadows":true,"castShadowsLightmap":true,"receiveShadows":true,"lightmapped":true,"lightmapSizeMultiplier":1,"castShadowsLightMap":true,"lightMapped":false,"lightMapSizeMultiplier":1,"isStatic":false,"layers":[0],"batchGroupId":null}}},"49b3165c-160c-433a-9f07-68accbdeb6c5":{"name":"vegetation_5","tags":[],"enabled":true,"resource_id":"49b3165c-160c-433a-9f07-68accbdeb6c5","parent":"c947c8d1-c257-4399-9664-5feb2693d0ab","children":[],"position":[-6.115,1.814,-2.734],"rotation":[0,0,0],"scale":[1,1,1],"components":{"model":{"enabled":true,"type":"asset","asset":180657769,"materialAsset":null,"castShadows":true,"castShadowsLightmap":true,"receiveShadows":true,"lightmapped":true,"lightmapSizeMultiplier":1,"castShadowsLightMap":true,"lightMapped":false,"lightMapSizeMultiplier":1,"isStatic":false,"layers":[0],"batchGroupId":null}}},"9443362a-8a4d-4d1e-802f-e3cb799d0cb1":{"name":"vegetation_6","tags":[],"enabled":true,"resource_id":"9443362a-8a4d-4d1e-802f-e3cb799d0cb1","parent":"c947c8d1-c257-4399-9664-5feb2693d0ab","children":[],"position":[-6.298,2.033,2.143],"rotation":[0,0,0],"scale":[1,1,1],"components":{"model":{"enabled":true,"type":"asset","asset":180657769,"materialAsset":null,"castShadows":true,"castShadowsLightmap":true,"receiveShadows":true,"lightmapped":true,"lightmapSizeMultiplier":1,"castShadowsLightMap":true,"lightMapped":false,"lightMapSizeMultiplier":1,"isStatic":false,"layers":[0],"batchGroupId":null}}},"0f11a284-8e5d-4c09-9161-7f0ea425d5d8":{"name":"vegetation_7","tags":[],"enabled":true,"resource_id":"0f11a284-8e5d-4c09-9161-7f0ea425d5d8","parent":"c947c8d1-c257-4399-9664-5feb2693d0ab","children":[],"position":[5.026,2.002,-2.789],"rotation":[0,0,0],"scale":[1,1,1],"components":{"model":{"enabled":true,"type":"asset","asset":180657769,"materialAsset":null,"castShadows":true,"castShadowsLightmap":true,"receiveShadows":true,"lightmapped":true,"lightmapSizeMultiplier":1,"castShadowsLightMap":true,"lightMapped":false,"lightMapSizeMultiplier":1,"isStatic":false,"layers":[0],"batchGroupId":null}}},"97e92e9b-f02a-4b7b-b0c4-95f72836e951":{"name":"vegetation_8","tags":[],"enabled":true,"resource_id":"97e92e9b-f02a-4b7b-b0c4-95f72836e951","parent":"c947c8d1-c257-4399-9664-5feb2693d0ab","children":[],"position":[1.119,2.106,2.04],"rotation":[0,180,0],"scale":[1,1,1],"components":{"model":{"enabled":true,"type":"asset","asset":180657769,"materialAsset":null,"castShadows":true,"castShadowsLightmap":true,"receiveShadows":true,"lightmapped":true,"lightmapSizeMultiplier":1,"castShadowsLightMap":true,"lightMapped":false,"lightMapSizeMultiplier":1,"isStatic":false,"layers":[0],"batchGroupId":null}}},"5a823419-f815-4281-9c82-88e2dc9977b8":{"name":"roof","tags":[],"enabled":true,"resource_id":"5a823419-f815-4281-9c82-88e2dc9977b8","parent":"c4c969b1-100d-436a-b0f4-cce3cb6f2cb9","children":[],"position":[0,0,0],"rotation":[0,0,0],"scale":[1,1,1],"components":{"model":{"enabled":true,"type":"asset","asset":180657755,"materialAsset":null,"castShadows":true,"castShadowsLightmap":true,"receiveShadows":true,"lightmapped":true,"lightmapSizeMultiplier":1,"castShadowsLightMap":true,"lightMapped":false,"lightMapSizeMultiplier":1,"isStatic":false,"layers":[0],"batchGroupId":null}}},"17347ffb-74d4-4979-8b40-c5f12185cfbd":{"name":"lions","tags":[],"enabled":true,"resource_id":"17347ffb-74d4-4979-8b40-c5f12185cfbd","parent":"c4c969b1-100d-436a-b0f4-cce3cb6f2cb9","children":["ba8f88a5-d63b-4765-b7ed-d4036b1e3a08","75c11075-cbde-4bb3-953f-5fba7c9f3251"],"position":[0,0,0],"rotation":[0,0,0],"scale":[1,1,1],"components":{}},"ba8f88a5-d63b-4765-b7ed-d4036b1e3a08":{"name":"lion-head","tags":[],"enabled":true,"resource_id":"ba8f88a5-d63b-4765-b7ed-d4036b1e3a08","parent":"17347ffb-74d4-4979-8b40-c5f12185cfbd","children":[],"position":[-14.288,1.684,-0.337],"rotation":[0,180,0],"scale":[1,1,1],"components":{"model":{"enabled":true,"type":"asset","asset":180657773,"materialAsset":null,"castShadows":true,"castShadowsLightmap":true,"receiveShadows":true,"lightmapped":true,"lightmapSizeMultiplier":1,"castShadowsLightMap":true,"lightMapped":false,"lightMapSizeMultiplier":1,"isStatic":false,"layers":[0],"batchGroupId":null}}},"75c11075-cbde-4bb3-953f-5fba7c9f3251":{"name":"lion-head","tags":[],"enabled":true,"resource_id":"75c11075-cbde-4bb3-953f-5fba7c9f3251","parent":"17347ffb-74d4-4979-8b40-c5f12185cfbd","children":[],"position":[13.026,1.684,-0.337],"rotation":[0,0,0],"scale":[1,1,1],"components":{"model":{"enabled":true,"type":"asset","asset":180657773,"materialAsset":null,"castShadows":true,"castShadowsLightmap":true,"receiveShadows":true,"lightmapped":true,"lightmapSizeMultiplier":1,"castShadowsLightMap":true,"lightMapped":false,"lightMapSizeMultiplier":1,"isStatic":false,"layers":[0],"batchGroupId":null}}},"937f4556-659d-4133-9a7e-6bac38a2b70a":{"name":"floor_ground","tags":[],"enabled":true,"resource_id":"937f4556-659d-4133-9a7e-6bac38a2b70a","parent":"c4c969b1-100d-436a-b0f4-cce3cb6f2cb9","children":[],"position":[0,0,0],"rotation":[0,0,0],"scale":[1,1,1],"components":{"model":{"enabled":true,"type":"asset","asset":180657778,"materialAsset":null,"castShadows":true,"castShadowsLightmap":true,"receiveShadows":true,"lightmapped":true,"lightmapSizeMultiplier":5,"castShadowsLightMap":true,"lightMapped":false,"lightMapSizeMultiplier":1,"isStatic":false,"layers":[0],"batchGroupId":null}}},"00dd7325-cd33-483b-8128-caa44919b804":{"name":"floor_first","tags":[],"enabled":true,"resource_id":"00dd7325-cd33-483b-8128-caa44919b804","parent":"c4c969b1-100d-436a-b0f4-cce3cb6f2cb9","children":[],"position":[0,0,0],"rotation":[0,0,0],"scale":[1,1,1],"components":{"model":{"enabled":true,"type":"asset","asset":180657780,"materialAsset":null,"castShadows":true,"castShadowsLightmap":true,"receiveShadows":true,"lightmapped":true,"lightmapSizeMultiplier":1,"castShadowsLightMap":true,"lightMapped":false,"lightMapSizeMultiplier":1,"isStatic":false,"layers":[0],"batchGroupId":null}}}},"checkpoint_id":"31013278-6415-471c-b8f4-a5dce0d7267d","branch_id":"5e9f0671-2068-47a8-b339-e54dfedbbc5e","_type":"http://sharejs.org/types/JSONv0","_v":1,"_m":{"ctime":1699961299373.729,"mtime":1716960218725},"_o":"6656bbdaa65713530fb6f8ee","id":"1976980"}}