{
	"scene": {
		"version": 1,
		"assets": {
			"renders": [
				{
					"name": "Wolf3D_Avatar",
					"index": 0,
					"meshes": 1,
					"skinned": true,
					"vertices": 9741,
					"triangles": 16850,
					"attributes": {
						"POSITION": 1,
						"NORMAL": 1,
						"BONEINDICES": 1,
						"BONEWEIGHTS": 1,
						"TEXCOORD_0": 1
					},
					"meshCompression": ""
				}
			],
			"materials": [
				"Wolf3D_Avatar"
			]
		},
		"entities": {
			"0": {
				"name": "Armature",
				"parent": -1,
				"position": [
					0,
					0,
					0
				],
				"rotation": [
					0,
					0,
					0
				],
				"scale": [
					1,
					1,
					1
				],
				"scaleCompensation": false,
				"children": [
					1,
					68
				]
			},
			"1": {
				"name": "Hips",
				"parent": 0,
				"position": [
					8.76787e-13,
					1.01919,
					0.0100306
				],
				"rotation": [
					1.85995,
					-0.0030053,
					-9.72665e-05
				],
				"scale": [
					1,
					1,
					1
				],
				"scaleCompensation": false,
				"children": [
					2,
					58,
					63
				]
			},
			"2": {
				"name": "Spine",
				"parent": 1,
				"position": [
					1.3689e-12,
					0.0984731,
					1.30385e-08
				],
				"rotation": [
					-7.87792,
					0.00301785,
					1.03768e-06
				],
				"scale": [
					1,
					1,
					1
				],
				"scaleCompensation": false,
				"children": [
					3
				]
			},
			"3": {
				"name": "Spine1",
				"parent": 2,
				"position": [
					2.35083e-13,
					0.130497,
					3.5041e-08
				],
				"rotation": [
					-3.68748,
					8.49427e-06,
					1.10678e-05
				],
				"scale": [
					1,
					1,
					1
				],
				"scaleCompensation": false,
				"children": [
					4
				]
			},
			"4": {
				"name": "Spine2",
				"parent": 3,
				"position": [
					4.39648e-13,
					0.121806,
					-3.53903e-08
				],
				"rotation": [
					5.41088,
					-3.10003e-05,
					1.18418e-05
				],
				"scale": [
					1,
					1,
					1
				],
				"scaleCompensation": false,
				"children": [
					5,
					10,
					34
				]
			},
			"5": {
				"name": "Neck",
				"parent": 4,
				"position": [
					4.54747e-13,
					0.155575,
					-3.35276e-08
				],
				"rotation": [
					23.4329,
					5.14493e-06,
					1.39108e-05
				],
				"scale": [
					1,
					1,
					1
				],
				"scaleCompensation": false,
				"children": [
					6
				]
			},
			"6": {
				"name": "Head",
				"parent": 5,
				"position": [
					-2.29008e-12,
					0.122638,
					3.25959e-09
				],
				"rotation": [
					-18.7245,
					-4.27555e-05,
					-3.74519e-05
				],
				"scale": [
					1,
					1,
					1
				],
				"scaleCompensation": false,
				"children": [
					7,
					8,
					9
				]
			},
			"7": {
				"name": "HeadTop_End",
				"parent": 6,
				"position": [
					1.41319e-08,
					0.226345,
					0.0373225
				],
				"rotation": [
					-0.413887,
					3.36848e-05,
					3.4238e-05
				],
				"scale": [
					1,
					1,
					1
				],
				"scaleCompensation": false,
				"children": [

				]
			},
			"8": {
				"name": "LeftEye",
				"parent": 6,
				"position": [
					0.0303527,
					0.0878396,
					0.0824062
				],
				"rotation": [
					-0.413795,
					8.20774e-06,
					6.82281e-06
				],
				"scale": [
					1,
					1,
					1
				],
				"scaleCompensation": false,
				"children": [

				]
			},
			"9": {
				"name": "RightEye",
				"parent": 6,
				"position": [
					-0.0298823,
					0.087791,
					0.0824066
				],
				"rotation": [
					-0.413796,
					8.20774e-06,
					6.82281e-06
				],
				"scale": [
					1,
					1,
					1
				],
				"scaleCompensation": false,
				"children": [

				]
			},
			"10": {
				"name": "LeftShoulder",
				"parent": 4,
				"position": [
					0.0471356,
					0.141148,
					-0.00625512
				],
				"rotation": [
					-38.258,
					89.2052,
					-130.534
				],
				"scale": [
					1,
					1,
					1
				],
				"scaleCompensation": false,
				"children": [
					11
				]
			},
			"11": {
				"name": "LeftArm",
				"parent": 10,
				"position": [
					-3.91155e-08,
					0.118896,
					2.10712e-07
				],
				"rotation": [
					56.8663,
					7.50012,
					-3.59095
				],
				"scale": [
					1,
					1,
					1
				],
				"scaleCompensation": false,
				"children": [
					12
				]
			},
			"12": {
				"name": "LeftForeArm",
				"parent": 11,
				"position": [
					2.6077e-08,
					0.285129,
					6.60075e-08
				],
				"rotation": [
					-4.96976,
					3.85612,
					25.3462
				],
				"scale": [
					1,
					1,
					1
				],
				"scaleCompensation": false,
				"children": [
					13
				]
			},
			"13": {
				"name": "LeftHand",
				"parent": 12,
				"position": [
					1.43424e-07,
					0.251972,
					-1.75078e-07
				],
				"rotation": [
					5.22813,
					4.53076,
					-1.91897
				],
				"scale": [
					1,
					1,
					1
				],
				"scaleCompensation": false,
				"children": [
					14,
					18,
					22,
					26,
					30
				]
			},
			"14": {
				"name": "LeftHandThumb1",
				"parent": 13,
				"position": [
					-0.032356,
					0.0263517,
					0.00517281
				],
				"rotation": [
					17.2118,
					-9.04329,
					48.4104
				],
				"scale": [
					1,
					1,
					1
				],
				"scaleCompensation": false,
				"children": [
					15
				]
			},
			"15": {
				"name": "LeftHandThumb2",
				"parent": 14,
				"position": [
					1.00583e-07,
					0.0413826,
					9.68575e-08
				],
				"rotation": [
					7.78608,
					-6.78122,
					-29.5188
				],
				"scale": [
					1,
					1,
					1
				],
				"scaleCompensation": false,
				"children": [
					16
				]
			},
			"16": {
				"name": "LeftHandThumb3",
				"parent": 15,
				"position": [
					7.45058e-09,
					0.0304867,
					-2.23517e-08
				],
				"rotation": [
					1.35602,
					-2.7371,
					-9.76432
				],
				"scale": [
					1,
					1,
					1
				],
				"scaleCompensation": false,
				"children": [
					17
				]
			},
			"17": {
				"name": "LeftHandThumb4",
				"parent": 16,
				"position": [
					1.49012e-08,
					0.0352851,
					-8.19564e-08
				],
				"rotation": [
					1.45122,
					6.01546,
					-0.718951
				],
				"scale": [
					1,
					1,
					1
				],
				"scaleCompensation": false,
				"children": [

				]
			},
			"18": {
				"name": "LeftHandIndex1",
				"parent": 13,
				"position": [
					-0.0353466,
					0.0974537,
					-0.00695229
				],
				"rotation": [
					10.0115,
					-6.60671,
					7.61501
				],
				"scale": [
					1,
					1,
					1
				],
				"scaleCompensation": false,
				"children": [
					19
				]
			},
			"19": {
				"name": "LeftHandIndex2",
				"parent": 18,
				"position": [
					6.70552e-08,
					0.0446786,
					-1.02445e-07
				],
				"rotation": [
					10.8748,
					-0.940373,
					2.86376
				],
				"scale": [
					1,
					1,
					1
				],
				"scaleCompensation": false,
				"children": [
					20
				]
			},
			"20": {
				"name": "LeftHandIndex3",
				"parent": 19,
				"position": [
					9.68575e-08,
					0.0283456,
					1.30385e-07
				],
				"rotation": [
					9.95223,
					-8.46108,
					-3.19156
				],
				"scale": [
					1,
					1,
					1
				],
				"scaleCompensation": false,
				"children": [
					21
				]
			},
			"21": {
				"name": "LeftHandIndex4",
				"parent": 20,
				"position": [
					6.33299e-08,
					0.0338388,
					1.61119e-07
				],
				"rotation": [
					5.11187,
					6.53625,
					-0.527402
				],
				"scale": [
					1,
					1,
					1
				],
				"scaleCompensation": false,
				"children": [

				]
			},
			"22": {
				"name": "LeftHandMiddle1",
				"parent": 13,
				"position": [
					-0.00919897,
					0.100197,
					-0.0034844
				],
				"rotation": [
					4.35038,
					-7.79225,
					1.45143
				],
				"scale": [
					1,
					1,
					1
				],
				"scaleCompensation": false,
				"children": [
					23
				]
			},
			"23": {
				"name": "LeftHandMiddle2",
				"parent": 22,
				"position": [
					-4.47035e-08,
					0.045698,
					3.84607e-08
				],
				"rotation": [
					14.6016,
					-1.73257,
					4.75778
				],
				"scale": [
					1,
					1,
					1
				],
				"scaleCompensation": false,
				"children": [
					24
				]
			},
			"24": {
				"name": "LeftHandMiddle3",
				"parent": 23,
				"position": [
					-5.96046e-08,
					0.0354073,
					2.37487e-07
				],
				"rotation": [
					23.3881,
					-1.52529,
					-5.41906
				],
				"scale": [
					1,
					1,
					1
				],
				"scaleCompensation": false,
				"children": [
					25
				]
			},
			"25": {
				"name": "LeftHandMiddle4",
				"parent": 24,
				"position": [
					-6.33299e-08,
					0.0345624,
					-8.75443e-08
				],
				"rotation": [
					2.72694,
					2.57756,
					-0.127483
				],
				"scale": [
					1,
					1,
					1
				],
				"scaleCompensation": false,
				"children": [

				]
			},
			"26": {
				"name": "LeftHandRing1",
				"parent": 13,
				"position": [
					0.0154218,
					0.095604,
					0.00223002
				],
				"rotation": [
					7.73518,
					-5.84575,
					-7.06637
				],
				"scale": [
					1,
					1,
					1
				],
				"scaleCompensation": false,
				"children": [
					27
				]
			},
			"27": {
				"name": "LeftHandRing2",
				"parent": 26,
				"position": [
					4.47035e-08,
					0.0418996,
					4.76139e-08
				],
				"rotation": [
					21.3733,
					-2.80093,
					4.82235
				],
				"scale": [
					1,
					1,
					1
				],
				"scaleCompensation": false,
				"children": [
					28
				]
			},
			"28": {
				"name": "LeftHandRing3",
				"parent": 27,
				"position": [
					3.35276e-08,
					0.0361632,
					-1.82074e-07
				],
				"rotation": [
					4.47567,
					-0.671337,
					0.191211
				],
				"scale": [
					1,
					1,
					1
				],
				"scaleCompensation": false,
				"children": [
					29
				]
			},
			"29": {
				"name": "LeftHandRing4",
				"parent": 28,
				"position": [
					-3.72529e-09,
					0.0298131,
					-3.77186e-08
				],
				"rotation": [
					0.74449,
					-0.80715,
					2.52945
				],
				"scale": [
					1,
					1,
					1
				],
				"scaleCompensation": false,
				"children": [

				]
			},
			"30": {
				"name": "LeftHandPinky1",
				"parent": 13,
				"position": [
					0.0391315,
					0.0898132,
					0.0105444
				],
				"rotation": [
					12.5632,
					-6.22814,
					-18.6844
				],
				"scale": [
					1,
					1,
					1
				],
				"scaleCompensation": false,
				"children": [
					31
				]
			},
			"31": {
				"name": "LeftHandPinky2",
				"parent": 30,
				"position": [
					1.6531e-08,
					0.0281524,
					-4.89963e-08
				],
				"rotation": [
					13.4071,
					-25.0029,
					4.04541
				],
				"scale": [
					1,
					1,
					1
				],
				"scaleCompensation": false,
				"children": [
					32
				]
			},
			"32": {
				"name": "LeftHandPinky3",
				"parent": 31,
				"position": [
					-5.58794e-09,
					0.0223761,
					3.81842e-08
				],
				"rotation": [
					14.0824,
					-1.52807,
					1.21517
				],
				"scale": [
					1,
					1,
					1
				],
				"scaleCompensation": false,
				"children": [
					33
				]
			},
			"33": {
				"name": "LeftHandPinky4",
				"parent": 32,
				"position": [
					-4.47035e-08,
					0.0263242,
					-1.51806e-07
				],
				"rotation": [
					15.911,
					12.0819,
					0.254061
				],
				"scale": [
					1,
					1,
					1
				],
				"scaleCompensation": false,
				"children": [

				]
			},
			"34": {
				"name": "RightShoulder",
				"parent": 4,
				"position": [
					-0.0471355,
					0.141148,
					-0.00625513
				],
				"rotation": [
					-38.2549,
					-89.2052,
					130.53
				],
				"scale": [
					1,
					1,
					1
				],
				"scaleCompensation": false,
				"children": [
					35
				]
			},
			"35": {
				"name": "RightArm",
				"parent": 34,
				"position": [
					5.82077e-09,
					0.118896,
					-2.6729e-07
				],
				"rotation": [
					56.8661,
					-7.50029,
					3.5909
				],
				"scale": [
					1,
					1,
					1
				],
				"scaleCompensation": false,
				"children": [
					36
				]
			},
			"36": {
				"name": "RightForeArm",
				"parent": 35,
				"position": [
					-5.96046e-08,
					0.285128,
					-3.41097e-08
				],
				"rotation": [
					-4.96971,
					-3.85588,
					-25.3462
				],
				"scale": [
					1,
					1,
					1
				],
				"scaleCompensation": false,
				"children": [
					37
				]
			},
			"37": {
				"name": "RightHand",
				"parent": 36,
				"position": [
					-4.47035e-08,
					0.251972,
					1.95016e-07
				],
				"rotation": [
					5.22844,
					-4.53038,
					1.91898
				],
				"scale": [
					1,
					1,
					1
				],
				"scaleCompensation": false,
				"children": [
					38,
					42,
					46,
					50,
					54
				]
			},
			"38": {
				"name": "RightHandThumb1",
				"parent": 37,
				"position": [
					0.0323559,
					0.0263521,
					0.00517314
				],
				"rotation": [
					17.212,
					9.04264,
					-48.4103
				],
				"scale": [
					1,
					1,
					1
				],
				"scaleCompensation": false,
				"children": [
					39
				]
			},
			"39": {
				"name": "RightHandThumb2",
				"parent": 38,
				"position": [
					1.56462e-07,
					0.0413824,
					-4.47035e-08
				],
				"rotation": [
					7.78525,
					6.77987,
					29.5186
				],
				"scale": [
					1,
					1,
					1
				],
				"scaleCompensation": false,
				"children": [
					40
				]
			},
			"40": {
				"name": "RightHandThumb3",
				"parent": 39,
				"position": [
					4.47035e-08,
					0.0304865,
					1.15484e-07
				],
				"rotation": [
					1.35712,
					2.73865,
					9.76439
				],
				"scale": [
					1,
					1,
					1
				],
				"scaleCompensation": false,
				"children": [
					41
				]
			},
			"41": {
				"name": "RightHandThumb4",
				"parent": 40,
				"position": [
					5.21541e-08,
					0.0352847,
					-5.96046e-08
				],
				"rotation": [
					1.45185,
					-6.01453,
					0.718575
				],
				"scale": [
					1,
					1,
					1
				],
				"scaleCompensation": false,
				"children": [

				]
			},
			"42": {
				"name": "RightHandIndex1",
				"parent": 37,
				"position": [
					0.0353463,
					0.0974541,
					-0.00695211
				],
				"rotation": [
					10.0112,
					6.60621,
					-7.61509
				],
				"scale": [
					1,
					1,
					1
				],
				"scaleCompensation": false,
				"children": [
					43
				]
			},
			"43": {
				"name": "RightHandIndex2",
				"parent": 42,
				"position": [
					0,
					0.0446787,
					-1.2666e-07
				],
				"rotation": [
					10.875,
					0.940548,
					-2.86397
				],
				"scale": [
					1,
					1,
					1
				],
				"scaleCompensation": false,
				"children": [
					44
				]
			},
			"44": {
				"name": "RightHandIndex3",
				"parent": 43,
				"position": [
					-3.72529e-08,
					0.0283458,
					5.7742e-08
				],
				"rotation": [
					9.95127,
					8.46009,
					3.19152
				],
				"scale": [
					1,
					1,
					1
				],
				"scaleCompensation": false,
				"children": [
					45
				]
			},
			"45": {
				"name": "RightHandIndex4",
				"parent": 44,
				"position": [
					5.21541e-08,
					0.0338387,
					5.12227e-08
				],
				"rotation": [
					5.11307,
					-6.535,
					0.527892
				],
				"scale": [
					1,
					1,
					1
				],
				"scaleCompensation": false,
				"children": [

				]
			},
			"46": {
				"name": "RightHandMiddle1",
				"parent": 37,
				"position": [
					0.00919875,
					0.100198,
					-0.00348427
				],
				"rotation": [
					4.35005,
					7.79201,
					-1.45158
				],
				"scale": [
					1,
					1,
					1
				],
				"scaleCompensation": false,
				"children": [
					47
				]
			},
			"47": {
				"name": "RightHandMiddle2",
				"parent": 46,
				"position": [
					1.56462e-07,
					0.0456977,
					-4.35393e-08
				],
				"rotation": [
					14.6017,
					1.73232,
					-4.75762
				],
				"scale": [
					1,
					1,
					1
				],
				"scaleCompensation": false,
				"children": [
					48
				]
			},
			"48": {
				"name": "RightHandMiddle3",
				"parent": 47,
				"position": [
					4.47035e-08,
					0.0354076,
					-1.37836e-07
				],
				"rotation": [
					23.3885,
					1.52559,
					5.41934
				],
				"scale": [
					1,
					1,
					1
				],
				"scaleCompensation": false,
				"children": [
					49
				]
			},
			"49": {
				"name": "RightHandMiddle4",
				"parent": 48,
				"position": [
					2.23517e-08,
					0.0345627,
					-1.30385e-08
				],
				"rotation": [
					2.7259,
					-2.57864,
					0.1269
				],
				"scale": [
					1,
					1,
					1
				],
				"scaleCompensation": false,
				"children": [

				]
			},
			"50": {
				"name": "RightHandRing1",
				"parent": 37,
				"position": [
					-0.015422,
					0.0956043,
					0.00222963
				],
				"rotation": [
					7.73467,
					5.84529,
					7.06623
				],
				"scale": [
					1,
					1,
					1
				],
				"scaleCompensation": false,
				"children": [
					51
				]
			},
			"51": {
				"name": "RightHandRing2",
				"parent": 50,
				"position": [
					-4.09782e-08,
					0.0419005,
					5.47152e-08
				],
				"rotation": [
					21.373,
					2.8005,
					-4.82229
				],
				"scale": [
					1,
					1,
					1
				],
				"scaleCompensation": false,
				"children": [
					52
				]
			},
			"52": {
				"name": "RightHandRing3",
				"parent": 51,
				"position": [
					-3.72529e-09,
					0.0361626,
					8.3819e-08
				],
				"rotation": [
					4.47612,
					0.672111,
					-0.191339
				],
				"scale": [
					1,
					1,
					1
				],
				"scaleCompensation": false,
				"children": [
					53
				]
			},
			"53": {
				"name": "RightHandRing4",
				"parent": 52,
				"position": [
					5.58794e-08,
					0.0298128,
					-8.05594e-08
				],
				"rotation": [
					0.745326,
					0.808089,
					-2.52931
				],
				"scale": [
					1,
					1,
					1
				],
				"scaleCompensation": false,
				"children": [

				]
			},
			"54": {
				"name": "RightHandPinky1",
				"parent": 37,
				"position": [
					-0.0391318,
					0.0898135,
					0.0105436
				],
				"rotation": [
					12.5627,
					6.22777,
					18.6844
				],
				"scale": [
					1,
					1,
					1
				],
				"scaleCompensation": false,
				"children": [
					55
				]
			},
			"55": {
				"name": "RightHandPinky2",
				"parent": 54,
				"position": [
					1.90921e-08,
					0.0281521,
					2.52585e-07
				],
				"rotation": [
					13.407,
					25.0028,
					-4.04534
				],
				"scale": [
					1,
					1,
					1
				],
				"scaleCompensation": false,
				"children": [
					56
				]
			},
			"56": {
				"name": "RightHandPinky3",
				"parent": 55,
				"position": [
					-1.30385e-08,
					0.0223758,
					-3.39933e-07
				],
				"rotation": [
					14.0824,
					1.528,
					-1.21539
				],
				"scale": [
					1,
					1,
					1
				],
				"scaleCompensation": false,
				"children": [
					57
				]
			},
			"57": {
				"name": "RightHandPinky4",
				"parent": 56,
				"position": [
					1.13621e-07,
					0.0263244,
					5.7742e-08
				],
				"rotation": [
					15.9105,
					-12.0824,
					-0.254121
				],
				"scale": [
					1,
					1,
					1
				],
				"scaleCompensation": false,
				"children": [

				]
			},
			"58": {
				"name": "LeftUpLeg",
				"parent": 1,
				"position": [
					0.0953437,
					0.00519271,
					-0.0033023
				],
				"rotation": [
					1.10646,
					0.126784,
					-176.223
				],
				"scale": [
					1,
					1,
					1
				],
				"scaleCompensation": false,
				"children": [
					59
				]
			},
			"59": {
				"name": "LeftLeg",
				"parent": 58,
				"position": [
					3.69655e-08,
					0.458174,
					-8.44011e-10
				],
				"rotation": [
					-4.77457,
					-0.0491649,
					-0.331873
				],
				"scale": [
					1,
					1,
					1
				],
				"scaleCompensation": false,
				"children": [
					60
				]
			},
			"60": {
				"name": "LeftFoot",
				"parent": 59,
				"position": [
					3.32584e-07,
					0.443859,
					-4.14584e-07
				],
				"rotation": [
					61.0118,
					1.5551,
					1.12368
				],
				"scale": [
					1,
					1,
					1
				],
				"scaleCompensation": false,
				"children": [
					61
				]
			},
			"61": {
				"name": "LeftToeBase",
				"parent": 60,
				"position": [
					4.1211e-07,
					0.148844,
					-1.95578e-08
				],
				"rotation": [
					31.1207,
					-5.40224,
					0.703237
				],
				"scale": [
					1,
					1,
					1
				],
				"scaleCompensation": false,
				"children": [
					62
				]
			},
			"62": {
				"name": "LeftToe_End",
				"parent": 61,
				"position": [
					-5.50979e-07,
					0.0990749,
					5.4657e-08
				],
				"rotation": [
					54.8361,
					87.5767,
					55.7084
				],
				"scale": [
					1,
					1,
					1
				],
				"scaleCompensation": false,
				"children": [

				]
			},
			"63": {
				"name": "RightUpLeg",
				"parent": 1,
				"position": [
					-0.095344,
					0.00519307,
					-0.00329234
				],
				"rotation": [
					1.10687,
					-0.133016,
					176.223
				],
				"scale": [
					1,
					1,
					1
				],
				"scaleCompensation": false,
				"children": [
					64
				]
			},
			"64": {
				"name": "RightLeg",
				"parent": 63,
				"position": [
					-2.55095e-08,
					0.458175,
					7.27596e-10
				],
				"rotation": [
					-4.7746,
					0.0492705,
					0.331913
				],
				"scale": [
					1,
					1,
					1
				],
				"scaleCompensation": false,
				"children": [
					65
				]
			},
			"65": {
				"name": "RightFoot",
				"parent": 64,
				"position": [
					-7.567e-09,
					0.44386,
					1.60071e-09
				],
				"rotation": [
					61.0117,
					-1.55509,
					-1.12325
				],
				"scale": [
					1,
					1,
					1
				],
				"scaleCompensation": false,
				"children": [
					66
				]
			},
			"66": {
				"name": "RightToeBase",
				"parent": 65,
				"position": [
					-5.98375e-08,
					0.148844,
					1.17347e-07
				],
				"rotation": [
					31.1208,
					5.40181,
					-0.704384
				],
				"scale": [
					1,
					1,
					1
				],
				"scaleCompensation": false,
				"children": [
					67
				]
			},
			"67": {
				"name": "RightToe_End",
				"parent": 66,
				"position": [
					5.52362e-07,
					0.0990749,
					3.76021e-08
				],
				"rotation": [
					54.9002,
					-87.5786,
					-55.7725
				],
				"scale": [
					1,
					1,
					1
				],
				"scaleCompensation": false,
				"children": [

				]
			},
			"68": {
				"name": "Wolf3D_Avatar",
				"parent": 0,
				"position": [
					0,
					0,
					0
				],
				"rotation": [
					0,
					0,
					0
				],
				"scale": [
					1,
					1,
					1
				],
				"scaleCompensation": false,
				"children": [

				],
				"components": {
					"render": {
						"id": 0,
						"materials": [
							"Wolf3D_Avatar"
						],
						"rootBone": 1
					}
				}
			}
		}
	}
}